tumor,cenario,protocolo,referencia_estudo,droga,dose,unidade_base,via,dias,intervalo_dias,n_ciclos,tempo_infusao,diluente,pre_medicacao,observacoes,pagina,fonte
Mama,adjuvante,TMX,,Tamoxifeno,20 mg,fixa,VO,1x/dia,contínuo,,,,,"periodicidade: Continuamente, 5 a 10 anos (a depender de cada cenário)",18,"SOnHe 2024 — FONTE SECUNDÁRIA, SETOR PRIVADO, REFERÊNCIA A VALIDAR"
Mama,adjuvante,IA,,Letrozol,"2,5 mg",fixa,VO,1x/dia,contínuo,,,,,"periodicidade: Continuamente, 5 a 10 anos (a depender de cada cenário)",18,"SOnHe 2024 — FONTE SECUNDÁRIA, SETOR PRIVADO, REFERÊNCIA A VALIDAR"
Mama,adjuvante,IA,,Anastrozol,1 mg,fixa,VO,1x/dia,contínuo,,,,,"periodicidade: Continuamente, 5 a 10 anos (a depender de cada cenário)",18,"SOnHe 2024 — FONTE SECUNDÁRIA, SETOR PRIVADO, REFERÊNCIA A VALIDAR"
Mama,adjuvante,IA,,Exemestano,25 mg,fixa,VO,1x/dia,contínuo,,,,,"periodicidade: Continuamente, 5 a 10 anos (a depender de cada cenário)",18,"SOnHe 2024 — FONTE SECUNDÁRIA, SETOR PRIVADO, REFERÊNCIA A VALIDAR"
Mama,adjuvante,Antagonista LHRH,,Degarelix,240 mg,fixa,SC,D1,28,,,,,"Primeira dose | duas injeções de 120 mg | periodicidade: A cada 28 dias, durante o tratamento em combinação",19,"SOnHe 2024 — FONTE SECUNDÁRIA, SETOR PRIVADO, REFERÊNCIA A VALIDAR"
Mama,adjuvante,Antagonista LHRH,,Degarelix,80 mg,fixa,SC,D1,28,,,,,"Manutenção | periodicidade: A cada 28 dias, durante o tratamento em combinação",19,"SOnHe 2024 — FONTE SECUNDÁRIA, SETOR PRIVADO, REFERÊNCIA A VALIDAR"
Mama,neo/adjuvante,Esquema TC,,Ciclofosfamida,600,mg/m²,EV,D1,21,4 a 6,,,,"periodicidade: A cada 21 dias, 4 a 6 ciclos",19,"SOnHe 2024 — FONTE SECUNDÁRIA, SETOR PRIVADO, REFERÊNCIA A VALIDAR"
Mama,neo/adjuvante,Esquema TC,,Docetaxel,75,mg/m²,EV,D1,21,4 a 6,,,,"periodicidade: A cada 21 dias, 4 a 6 ciclos",19,"SOnHe 2024 — FONTE SECUNDÁRIA, SETOR PRIVADO, REFERÊNCIA A VALIDAR"
Mama,neo/adjuvante,Esquema ACdd,,Ciclofosfamida,600,mg/m²,EV,D1,14,4,,,"Akynzeo (netupitanto 300 mg + palonosetrona 0,56 mg) VO 1 comprimido 1 h antes da QT D1","Suporte G-CSF | periodicidade: A cada 14 dias, 4 ciclos",20,"SOnHe 2024 — FONTE SECUNDÁRIA, SETOR PRIVADO, REFERÊNCIA A VALIDAR"
Mama,neo/adjuvante,Esquema ACdd,,Doxorrubicina,60,mg/m²,EV,D1,14,4,,,"Akynzeo (netupitanto 300 mg + palonosetrona 0,56 mg) VO 1 comprimido 1 h antes da QT D1","Suporte G-CSF | periodicidade: A cada 14 dias, 4 ciclos",20,"SOnHe 2024 — FONTE SECUNDÁRIA, SETOR PRIVADO, REFERÊNCIA A VALIDAR"
Mama,neo/adjuvante,Esquema AC convencional,,Ciclofosfamida,600,mg/m²,EV,D1,21,4,,,"Akynzeo (netupitanto 300 mg + palonosetrona 0,56 mg) VO 1 comprimido 1 h antes da QT D1","periodicidade: A cada 21 dias, 4 ciclos",20,"SOnHe 2024 — FONTE SECUNDÁRIA, SETOR PRIVADO, REFERÊNCIA A VALIDAR"
Mama,neo/adjuvante,Esquema AC convencional,,Doxorrubicina,60,mg/m²,EV,D1,21,4,,,"Akynzeo (netupitanto 300 mg + palonosetrona 0,56 mg) VO 1 comprimido 1 h antes da QT D1","periodicidade: A cada 21 dias, 4 ciclos",20,"SOnHe 2024 — FONTE SECUNDÁRIA, SETOR PRIVADO, REFERÊNCIA A VALIDAR"
Mama,adjuvante,Esquema T (Paclitaxel semanal adjuvante),,Paclitaxel,80,mg/m²,EV,D1,7,12,,,,"periodicidade: Semanalmente, 12 ciclos",20,"SOnHe 2024 — FONTE SECUNDÁRIA, SETOR PRIVADO, REFERÊNCIA A VALIDAR"
Mama,neo/adjuvante,Esquema Carbotaxol semanal,,Paclitaxel,80,mg/m²,EV,D1,7,12,,,,"periodicidade: Semanalmente, 12 ciclos",21,"SOnHe 2024 — FONTE SECUNDÁRIA, SETOR PRIVADO, REFERÊNCIA A VALIDAR"
Mama,neo/adjuvante,Esquema Carbotaxol semanal,,Carboplatina,"1,5-2",AUC,EV,D1,7,12,,,,"periodicidade: Semanalmente, 12 ciclos",21,"SOnHe 2024 — FONTE SECUNDÁRIA, SETOR PRIVADO, REFERÊNCIA A VALIDAR"
Mama,neo/adjuvante,Esquema TH,,Paclitaxel,80,mg/m²,EV,D1; semanalmente,7,12 semanas,,,,"periodicidade: Paclitaxel semanal por 12 semanas Trastuzumabe a cada 21 dias, por 1 ano",21,"SOnHe 2024 — FONTE SECUNDÁRIA, SETOR PRIVADO, REFERÊNCIA A VALIDAR"
Mama,neo/adjuvante,Esquema TH,,Trastuzumabe,6,mg/kg,EV,D1,21,1 ano,,,,"dose ataque no C1: 8 mg/kg | periodicidade: Paclitaxel semanal por 12 semanas Trastuzumabe a cada 21 dias, por 1 ano",21,"SOnHe 2024 — FONTE SECUNDÁRIA, SETOR PRIVADO, REFERÊNCIA A VALIDAR"
Mama,neo/adjuvante,Esquema TCH,,Docetaxel,75,mg/m²,EV,D1,21,6,,,,"Suporte G-CSF | periodicidade: A cada 21 dias, 6 ciclos; após, manter Trastuzumabe 6 mg/kg EV D1 ou Trastuzumabe 600 mg SC D1 a cada 21 dias, 11 ciclos",21,"SOnHe 2024 — FONTE SECUNDÁRIA, SETOR PRIVADO, REFERÊNCIA A VALIDAR"
Mama,neo/adjuvante,Esquema TCH,,Carboplatina,6,AUC,EV,D1,21,6,,,,"Suporte G-CSF | periodicidade: A cada 21 dias, 6 ciclos; após, manter Trastuzumabe 6 mg/kg EV D1 ou Trastuzumabe 600 mg SC D1 a cada 21 dias, 11 ciclos",21,"SOnHe 2024 — FONTE SECUNDÁRIA, SETOR PRIVADO, REFERÊNCIA A VALIDAR"
Mama,neo/adjuvante,Esquema TCH,,Trastuzumabe,6,mg/kg,EV,D1,21,6,,,,"Suporte G-CSF | dose ataque no C1: 8 mg/kg | periodicidade: A cada 21 dias, 6 ciclos; após, manter Trastuzumabe 6 mg/kg EV D1 ou Trastuzumabe 600 mg SC D1 a cada 21 dias, 11 ciclos",21,"SOnHe 2024 — FONTE SECUNDÁRIA, SETOR PRIVADO, REFERÊNCIA A VALIDAR"
Mama,neo/adjuvante,Esquema TCHP,,Docetaxel,75,mg/m²,EV,D1,21,6,,,,"Suporte G-CSF | periodicidade: A cada 21 dias, 6 ciclos; após, manter Pertuzumabe + Trastuzumabe 6 mg/kg EV D1 ou Trastuzumabe 600 mg SC D1 a cada 21 dias, 11 ciclos",22,"SOnHe 2024 — FONTE SECUNDÁRIA, SETOR PRIVADO, REFERÊNCIA A VALIDAR"
Mama,neo/adjuvante,Esquema TCHP,,Carboplatina,6,AUC,EV,D1,21,6,,,,"Suporte G-CSF | periodicidade: A cada 21 dias, 6 ciclos; após, manter Pertuzumabe + Trastuzumabe 6 mg/kg EV D1 ou Trastuzumabe 600 mg SC D1 a cada 21 dias, 11 ciclos",22,"SOnHe 2024 — FONTE SECUNDÁRIA, SETOR PRIVADO, REFERÊNCIA A VALIDAR"
Mama,neo/adjuvante,Esquema TCHP,,Trastuzumabe,6,mg/kg,EV,D1,21,6,,,,"Suporte G-CSF | dose de ataque no C1: 8 mg/kg | periodicidade: A cada 21 dias, 6 ciclos; após, manter Pertuzumabe + Trastuzumabe 6 mg/kg EV D1 ou Trastuzumabe 600 mg SC D1 a cada 21 dias, 11 ciclos",22,"SOnHe 2024 — FONTE SECUNDÁRIA, SETOR PRIVADO, REFERÊNCIA A VALIDAR"
Mama,neo/adjuvante,Esquema TCHP,,Pertuzumabe,420 mg,fixa,EV,D1,21,6,,,,"Suporte G-CSF | dose de ataque no C1: 840 mg | periodicidade: A cada 21 dias, 6 ciclos; após, manter Pertuzumabe + Trastuzumabe 6 mg/kg EV D1 ou Trastuzumabe 600 mg SC D1 a cada 21 dias, 11 ciclos",22,"SOnHe 2024 — FONTE SECUNDÁRIA, SETOR PRIVADO, REFERÊNCIA A VALIDAR"
Mama,neo/adjuvante,Esquema THP — QT + duplo-bloqueio,,Paclitaxel,80,mg/m²,EV,D1; semanalmente,7,12,,,,,22,"SOnHe 2024 — FONTE SECUNDÁRIA, SETOR PRIVADO, REFERÊNCIA A VALIDAR"
Mama,neo/adjuvante,Esquema THP — QT + duplo-bloqueio,,Trastuzumabe,6,mg/kg,EV,D1; a cada 21 dias,21,4,,,,dose de ataque no C1: 8 mg/kg,22,"SOnHe 2024 — FONTE SECUNDÁRIA, SETOR PRIVADO, REFERÊNCIA A VALIDAR"
Mama,neo/adjuvante,Esquema THP — QT + duplo-bloqueio,,Pertuzumabe,420 mg,fixa,EV,D1; a cada 21 dias,21,4,,,,dose de ataque no C1: 840 mg,22,"SOnHe 2024 — FONTE SECUNDÁRIA, SETOR PRIVADO, REFERÊNCIA A VALIDAR"
Mama,manutenção,Esquema THP — Manutenção duplo-bloqueio,,Trastuzumabe,6,mg/kg,EV,D1,21,14,,,,"texto do manual: ""Trastuzumabe 6 mg/kg EV D1 ou Trastuzumabe 600 mg, SC, D1;"" | periodicidade: A cada 21 dias, 14 ciclos",22,"SOnHe 2024 — FONTE SECUNDÁRIA, SETOR PRIVADO, REFERÊNCIA A VALIDAR"
Mama,manutenção,Esquema THP — Manutenção duplo-bloqueio,,Pertuzumabe,420 mg,fixa,EV,D1,21,14,,,,"periodicidade: A cada 21 dias, 14 ciclos",22,"SOnHe 2024 — FONTE SECUNDÁRIA, SETOR PRIVADO, REFERÊNCIA A VALIDAR"
Mama,neo/adjuvante,Paclitaxel semanal + Carboplatina AUC 6 + HP,,Paclitaxel,80,mg/m²,EV,D1/D8,21,9,,,,"periodicidade: A cada 21 dias, 9 ciclos",23,"SOnHe 2024 — FONTE SECUNDÁRIA, SETOR PRIVADO, REFERÊNCIA A VALIDAR"
Mama,neo/adjuvante,Paclitaxel semanal + Carboplatina AUC 6 + HP,,Carboplatina,6,AUC,EV,D1,21,9,,,,"periodicidade: A cada 21 dias, 9 ciclos",23,"SOnHe 2024 — FONTE SECUNDÁRIA, SETOR PRIVADO, REFERÊNCIA A VALIDAR"
Mama,neo/adjuvante,Paclitaxel semanal + Carboplatina AUC 6 + HP,,Trastuzumabe,6,mg/kg,EV,D1,21,9,,,,"dose de ataque no C1: 8 mg/kg | periodicidade: A cada 21 dias, 9 ciclos",23,"SOnHe 2024 — FONTE SECUNDÁRIA, SETOR PRIVADO, REFERÊNCIA A VALIDAR"
Mama,neo/adjuvante,Paclitaxel semanal + Carboplatina AUC 6 + HP,,Pertuzumabe,420 mg,fixa,EV,D1,21,9,,,,"dose de ataque no C1: 840 mg | periodicidade: A cada 21 dias, 9 ciclos",23,"SOnHe 2024 — FONTE SECUNDÁRIA, SETOR PRIVADO, REFERÊNCIA A VALIDAR"
Mama,adjuvante,HP (Duplo-bloqueio HER2 adjuvante),,Trastuzumabe,6,mg/kg,EV,D1,21,,,,,"dose de ataque no C1: 8 mg/kg | periodicidade: A cada 21 dias, até completar 1 ano de terapia anti-HER2;",23,"SOnHe 2024 — FONTE SECUNDÁRIA, SETOR PRIVADO, REFERÊNCIA A VALIDAR"
Mama,adjuvante,HP (Duplo-bloqueio HER2 adjuvante),,Pertuzumabe,420 mg,fixa,EV,D1,21,,,,,"dose de ataque no C1: 840 mg | periodicidade: A cada 21 dias, até completar 1 ano de terapia anti-HER2;",23,"SOnHe 2024 — FONTE SECUNDÁRIA, SETOR PRIVADO, REFERÊNCIA A VALIDAR"
Mama,adjuvante,T-DM1 adjuvante,,Trastuzumabe-entansina,"3,6",mg/kg,EV,D1,21,14,,,,"periodicidade: A cada 21 dias, 14 ciclos",23,"SOnHe 2024 — FONTE SECUNDÁRIA, SETOR PRIVADO, REFERÊNCIA A VALIDAR"
Mama,adjuvante,Capecitabina adjuvante,,Capecitabina,1.250,mg/m²,VO,D1 a D14; 12/12h,21,6 a 8,,,,"periodicidade: A cada 21 dias, 6 a 8 ciclos",24,"SOnHe 2024 — FONTE SECUNDÁRIA, SETOR PRIVADO, REFERÊNCIA A VALIDAR"
Mama,adjuvante,Abemaciclibe adjuvante,,Abemaciclibe,150 mg,fixa,VO,12/12h,contínuo,2 anos,,,,"periodicidade: Continuamente, por 2 anos",24,"SOnHe 2024 — FONTE SECUNDÁRIA, SETOR PRIVADO, REFERÊNCIA A VALIDAR"
Mama,adjuvante,Olaparibe adjuvante,,Olaparibe,300 mg,fixa,VO,12/12h,contínuo,1 ano,,,,"periodicidade: Continuamente, por 1 ano",24,"SOnHe 2024 — FONTE SECUNDÁRIA, SETOR PRIVADO, REFERÊNCIA A VALIDAR"
Mama,adjuvante,Ácido zoledrônico,,Ácido zoledrônico,4 mg,fixa,EV,D1,semestral,3 anos,,,,"item de suporte (não antineoplásico) | periodicidade: Semestralmente, por 3 anos",24,"SOnHe 2024 — FONTE SECUNDÁRIA, SETOR PRIVADO, REFERÊNCIA A VALIDAR"
Mama,metastático,Inibidores de aromatase (IA),,Letrozol,"2,5 mg",fixa,VO,1x/dia; continuamente,contínuo,até progressão/toxicidade,,,,"drogas listadas como opções alternativas (não combinação) | periodicidade: Continuamente, até progressão de doença ou toxicidade limitante",33,"SOnHe 2024 — FONTE SECUNDÁRIA, SETOR PRIVADO, REFERÊNCIA A VALIDAR"
Mama,metastático,Inibidores de aromatase (IA),,Anastrozol,1 mg,fixa,VO,1x/dia,contínuo,até progressão/toxicidade,,,,"drogas listadas como opções alternativas (não combinação) | alternativa (OU) | periodicidade: Continuamente, até progressão de doença ou toxicidade limitante",33,"SOnHe 2024 — FONTE SECUNDÁRIA, SETOR PRIVADO, REFERÊNCIA A VALIDAR"
Mama,metastático,Fulvestranto,,Fulvestranto,500 mg,fixa,IM,D1; D1 e D15,28,até progressão/toxicidade,,,,"dose de ataque no 1º mês: D1 e D15 | periodicidade: A cada 28 dias, até progressão de doença ou toxicidade limitante",34,"SOnHe 2024 — FONTE SECUNDÁRIA, SETOR PRIVADO, REFERÊNCIA A VALIDAR"
Mama,metastático,Análogo de LHRH,,Goserrelina,"3,6 mg",fixa,SC,D1,28,,,,,"periodicidade: A cada 28 dias, durante o tratamento em combinação",34,"SOnHe 2024 — FONTE SECUNDÁRIA, SETOR PRIVADO, REFERÊNCIA A VALIDAR"
Mama,metastático,Exemestano + Everolimo,,Exemestano,25 mg,fixa,VO,1x/dia,contínuo,até progressão/toxicidade,,,,"periodicidade: Continuamente, até progressão de doença ou toxicidade limitante",34,"SOnHe 2024 — FONTE SECUNDÁRIA, SETOR PRIVADO, REFERÊNCIA A VALIDAR"
Mama,metastático,Exemestano + Everolimo,,Everolimo,10 mg,fixa,VO,1x/dia,contínuo,até progressão/toxicidade,,,,"periodicidade: Continuamente, até progressão de doença ou toxicidade limitante",34,"SOnHe 2024 — FONTE SECUNDÁRIA, SETOR PRIVADO, REFERÊNCIA A VALIDAR"
Mama,metastático,Docetaxel + Duplo-bloqueio HER2 (CLEOPATRA),CLEOPATRA,Docetaxel,75,mg/m²,EV,D1,21,até progressão/toxicidade,,,,"periodicidade: A cada 21 dias, até progressão de doença ou toxicidade limitante",35,"SOnHe 2024 — FONTE SECUNDÁRIA, SETOR PRIVADO, REFERÊNCIA A VALIDAR"
Mama,metastático,Docetaxel + Duplo-bloqueio HER2 (CLEOPATRA),CLEOPATRA,Trastuzumabe,6,mg/kg,EV,D1,21,até progressão/toxicidade,,,,"dose de ataque no C1: 8mg/kg | periodicidade: A cada 21 dias, até progressão de doença ou toxicidade limitante",35,"SOnHe 2024 — FONTE SECUNDÁRIA, SETOR PRIVADO, REFERÊNCIA A VALIDAR"
Mama,metastático,Docetaxel + Duplo-bloqueio HER2 (CLEOPATRA),CLEOPATRA,Pertuzumabe,420 mg,fixa,EV,D1,21,até progressão/toxicidade,,,,"dose de ataque no C1: 840mg | periodicidade: A cada 21 dias, até progressão de doença ou toxicidade limitante",35,"SOnHe 2024 — FONTE SECUNDÁRIA, SETOR PRIVADO, REFERÊNCIA A VALIDAR"
Mama,metastático,Ciclofosfamida + Trastuzumabe + Pertuzumabe,,Ciclofosfamida,50 mg,fixa,VO,1x/dia; continuamente,21,até progressão/toxicidade,,,,"periodicidade: A cada 21 dias, até progressão de doença ou toxicidade limitante",35,"SOnHe 2024 — FONTE SECUNDÁRIA, SETOR PRIVADO, REFERÊNCIA A VALIDAR"
Mama,metastático,Ciclofosfamida + Trastuzumabe + Pertuzumabe,,Trastuzumabe,6,mg/kg,EV,D1,21,até progressão/toxicidade,,,,"dose de ataque no C1: 8mg/kg | periodicidade: A cada 21 dias, até progressão de doença ou toxicidade limitante",35,"SOnHe 2024 — FONTE SECUNDÁRIA, SETOR PRIVADO, REFERÊNCIA A VALIDAR"
Mama,metastático,Ciclofosfamida + Trastuzumabe + Pertuzumabe,,Pertuzumabe,420 mg,fixa,EV,D1,21,até progressão/toxicidade,,,,"dose de ataque no C1: 840mg | periodicidade: A cada 21 dias, até progressão de doença ou toxicidade limitante",35,"SOnHe 2024 — FONTE SECUNDÁRIA, SETOR PRIVADO, REFERÊNCIA A VALIDAR"
Mama,metastático,Paclitaxel + Trastuzumabe + Pertuzumabe,,Paclitaxel,80,mg/m²,EV,D1/D8/D15,21,até progressão/toxicidade,,,,"periodicidade: A cada 21 dias, até progressão de doença ou toxicidade limitante",36,"SOnHe 2024 — FONTE SECUNDÁRIA, SETOR PRIVADO, REFERÊNCIA A VALIDAR"
Mama,metastático,Paclitaxel + Trastuzumabe + Pertuzumabe,,Trastuzumabe,6,mg/kg,EV,D1,21,até progressão/toxicidade,,,,"dose de ataque no C1: 8mg/kg | periodicidade: A cada 21 dias, até progressão de doença ou toxicidade limitante",36,"SOnHe 2024 — FONTE SECUNDÁRIA, SETOR PRIVADO, REFERÊNCIA A VALIDAR"
Mama,metastático,Paclitaxel + Trastuzumabe + Pertuzumabe,,Pertuzumabe,420 mg,fixa,EV,D1,21,até progressão/toxicidade,,,,"dose de ataque no C1: 840mg | periodicidade: A cada 21 dias, até progressão de doença ou toxicidade limitante",36,"SOnHe 2024 — FONTE SECUNDÁRIA, SETOR PRIVADO, REFERÊNCIA A VALIDAR"
Mama,metastático,Gencitabina + Trastuzumabe,,Gencitabina,1.000,mg/m²,EV,D1/D8; a cada 21 dias,21,até progressão/toxicidade,,,,"periodicidade: A cada 21 dias, até progressão de doença ou toxicidade limitante",36,"SOnHe 2024 — FONTE SECUNDÁRIA, SETOR PRIVADO, REFERÊNCIA A VALIDAR"
Mama,metastático,Gencitabina + Trastuzumabe,,Trastuzumabe,6,mg/kg,EV,D1,21,até progressão/toxicidade,,,,"dose de ataque no C1: 8mg/kg | periodicidade: A cada 21 dias, até progressão de doença ou toxicidade limitante",36,"SOnHe 2024 — FONTE SECUNDÁRIA, SETOR PRIVADO, REFERÊNCIA A VALIDAR"
Mama,metastático,CDDP + Gencitabina + Trastuzumabe,,Cisplatina,70,mg/m²,EV,D1,21,até progressão/toxicidade,,,"Akynzeo (netupitanto 300 mg + palonosetrona 0,56 mg) VO 1 comprimido 1 h antes da QT D1","periodicidade: A cada 21 dias, até progressão de doença ou toxicidade limitante",36,"SOnHe 2024 — FONTE SECUNDÁRIA, SETOR PRIVADO, REFERÊNCIA A VALIDAR"
Mama,metastático,CDDP + Gencitabina + Trastuzumabe,,Gencitabina,850,mg/m²,EV,D1/D8,21,até progressão/toxicidade,,,"Akynzeo (netupitanto 300 mg + palonosetrona 0,56 mg) VO 1 comprimido 1 h antes da QT D1","periodicidade: A cada 21 dias, até progressão de doença ou toxicidade limitante",36,"SOnHe 2024 — FONTE SECUNDÁRIA, SETOR PRIVADO, REFERÊNCIA A VALIDAR"
Mama,metastático,CDDP + Gencitabina + Trastuzumabe,,Trastuzumabe,6,mg/kg,EV,D1,21,até progressão/toxicidade,,,"Akynzeo (netupitanto 300 mg + palonosetrona 0,56 mg) VO 1 comprimido 1 h antes da QT D1","dose de ataque no C1: 8mg/kg | periodicidade: A cada 21 dias, até progressão de doença ou toxicidade limitante",36,"SOnHe 2024 — FONTE SECUNDÁRIA, SETOR PRIVADO, REFERÊNCIA A VALIDAR"
Mama,metastático,Lapatinibe + Capecitabina,,Lapatinibe,1.250,mg/m²,VO,D1 a D21; 1x/dia,21,até progressão/toxicidade,,,,"periodicidade: A cada 21 dias, até progressão de doença ou toxicidade limitante",37,"SOnHe 2024 — FONTE SECUNDÁRIA, SETOR PRIVADO, REFERÊNCIA A VALIDAR"
Mama,metastático,Lapatinibe + Capecitabina,,Capecitabina,1.000,mg/m²,VO,D1 a D14; 12/12h,21,até progressão/toxicidade,,,,"periodicidade: A cada 21 dias, até progressão de doença ou toxicidade limitante",37,"SOnHe 2024 — FONTE SECUNDÁRIA, SETOR PRIVADO, REFERÊNCIA A VALIDAR"
Mama,metastático,Esquema Atezolizumabe + nab-Paclitaxel,,Atezolizumabe,840 mg,fixa,EV,D1/D15,28,até progressão/toxicidade,,,,"periodicidade: A cada 28 dias, até progressão de doença ou toxicidade limitante",37,"SOnHe 2024 — FONTE SECUNDÁRIA, SETOR PRIVADO, REFERÊNCIA A VALIDAR"
Mama,metastático,Esquema Atezolizumabe + nab-Paclitaxel,,nab-Paclitaxel,100,mg/m²,EV,D1/D8/D15,28,até progressão/toxicidade,,,,"periodicidade: A cada 28 dias, até progressão de doença ou toxicidade limitante",37,"SOnHe 2024 — FONTE SECUNDÁRIA, SETOR PRIVADO, REFERÊNCIA A VALIDAR"
Mama,metastático,Docetaxel + Gencitabina,,Docetaxel,75,mg/m²,EV,D1,21,até progressão/toxicidade,,,,"periodicidade: A cada 21 dias, até progressão de doença ou toxicidade limitante",37,"SOnHe 2024 — FONTE SECUNDÁRIA, SETOR PRIVADO, REFERÊNCIA A VALIDAR"
Mama,metastático,Docetaxel + Gencitabina,,Gencitabina,1.000,mg/m²,EV,D1/D8,21,até progressão/toxicidade,,,,"periodicidade: A cada 21 dias, até progressão de doença ou toxicidade limitante",37,"SOnHe 2024 — FONTE SECUNDÁRIA, SETOR PRIVADO, REFERÊNCIA A VALIDAR"
Mama,metastático,Docetaxel + Capecitabina,,Docetaxel,75,mg/m²,EV,D1,21,até progressão/toxicidade,,,,"periodicidade: A cada 21 dias, até progressão de doença ou toxicidade limitante",38,"SOnHe 2024 — FONTE SECUNDÁRIA, SETOR PRIVADO, REFERÊNCIA A VALIDAR"
Mama,metastático,Docetaxel + Capecitabina,,Capecitabina,1.000,mg/m²,VO,D1 a D14; 12/12 horas,21,até progressão/toxicidade,,,,"periodicidade: A cada 21 dias, até progressão de doença ou toxicidade limitante",38,"SOnHe 2024 — FONTE SECUNDÁRIA, SETOR PRIVADO, REFERÊNCIA A VALIDAR"
Mama,metastático,CDDP + Gencitabina,,Cisplatina,70,mg/m²,EV,D1,21,até progressão/toxicidade,,,"Akynzeo (netupitanto 300 mg + palonosetrona 0,56 mg) VO 1 comprimido 1 h antes da QT D1","periodicidade: A cada 21 dias, até progressão de doença ou toxicidade limitante",38,"SOnHe 2024 — FONTE SECUNDÁRIA, SETOR PRIVADO, REFERÊNCIA A VALIDAR"
Mama,metastático,CDDP + Gencitabina,,Gencitabina,850,mg/m²,EV,D1/D8,21,até progressão/toxicidade,,,"Akynzeo (netupitanto 300 mg + palonosetrona 0,56 mg) VO 1 comprimido 1 h antes da QT D1","periodicidade: A cada 21 dias, até progressão de doença ou toxicidade limitante",38,"SOnHe 2024 — FONTE SECUNDÁRIA, SETOR PRIVADO, REFERÊNCIA A VALIDAR"
Mama,metastático,Paclitaxel + Bevacizumabe,,Paclitaxel,90,mg/m²,EV,D1/D8/D15,28,até progressão/toxicidade,,,,"periodicidade: A cada 28 dias, até progressão de doença ou toxicidade limitante",38,"SOnHe 2024 — FONTE SECUNDÁRIA, SETOR PRIVADO, REFERÊNCIA A VALIDAR"
Mama,metastático,Paclitaxel + Bevacizumabe,,Bevacizumabe,10,mg/kg,EV,D1/D15,28,até progressão/toxicidade,,,,"periodicidade: A cada 28 dias, até progressão de doença ou toxicidade limitante",38,"SOnHe 2024 — FONTE SECUNDÁRIA, SETOR PRIVADO, REFERÊNCIA A VALIDAR"
Mama,metastático,Carboplatina + Paclitaxel,,Paclitaxel,175,mg/m²,EV,D1,21,até progressão/toxicidade,,,,"periodicidade: A cada 21 dias, até progressão de doença ou toxicidade limitante.",39,"SOnHe 2024 — FONTE SECUNDÁRIA, SETOR PRIVADO, REFERÊNCIA A VALIDAR"
Mama,metastático,Carboplatina + Paclitaxel,,Carboplatina,6,AUC,EV,D1,21,até progressão/toxicidade,,,,"periodicidade: A cada 21 dias, até progressão de doença ou toxicidade limitante.",39,"SOnHe 2024 — FONTE SECUNDÁRIA, SETOR PRIVADO, REFERÊNCIA A VALIDAR"
Mama,metastático,Carboplatina,,Carboplatina,6,AUC,EV,D1,21,até progressão/toxicidade,,,,"periodicidade: A cada 21 dias, até progressão de doença ou toxicidade limitante",39,"SOnHe 2024 — FONTE SECUNDÁRIA, SETOR PRIVADO, REFERÊNCIA A VALIDAR"
Mama,metastático,Docetaxel,,Docetaxel,75,mg/m²,EV,D1,21,até progressão/toxicidade,,,,"periodicidade: A cada 21 dias, até progressão de doença ou toxicidade limitante",39,"SOnHe 2024 — FONTE SECUNDÁRIA, SETOR PRIVADO, REFERÊNCIA A VALIDAR"
Mama,metastático,Gencitabina,,Gencitabina,1.000,mg/m²,EV,D1/D8,21,até progressão/toxicidade,,,,"periodicidade: A cada 21 dias, até progressão de doença ou toxicidade limitante",40,"SOnHe 2024 — FONTE SECUNDÁRIA, SETOR PRIVADO, REFERÊNCIA A VALIDAR"
Mama,metastático,Eribulina,,Eribulina,"1,4",mg/m²,EV,D1/D8,21,até progressão/toxicidade,,,,"periodicidade: A cada 21 dias, até progressão de doença ou toxicidade limitante",40,"SOnHe 2024 — FONTE SECUNDÁRIA, SETOR PRIVADO, REFERÊNCIA A VALIDAR"
Mama,metastático,DoxoPEG,,Doxorrubicina lipossomal,40,mg/m²,EV,D1,21,até progressão/toxicidade,,,,"periodicidade: A cada 21 dias, até progressão de doença ou toxicidade limitante",40,"SOnHe 2024 — FONTE SECUNDÁRIA, SETOR PRIVADO, REFERÊNCIA A VALIDAR"
Mama,metastático,Capecitabina,,Capecitabina,1.000,mg/m²,VO,D1 a D14; 12/12h,21,até progressão/toxicidade,,,,"periodicidade: A cada 21 dias, até progressão de doença ou toxicidade limitante",40,"SOnHe 2024 — FONTE SECUNDÁRIA, SETOR PRIVADO, REFERÊNCIA A VALIDAR"
Mama,metastático,Vinorelbina,,Vinorelbina,60,mg/m²,VO,D1/D8,21,até progressão/toxicidade,,,,"periodicidade: A cada 21 dias, até progressão de doença ou toxicidade limitante",41,"SOnHe 2024 — FONTE SECUNDÁRIA, SETOR PRIVADO, REFERÊNCIA A VALIDAR"
Mama,paliativo/metastático,T-DM1 paliativo,,Trastuzumabe-entansina,"3,6",mg/kg,EV,D1,21,até progressão/toxicidade,,,,"periodicidade: A cada 21 dias, até progressão de doença ou toxicidade limitante",41,"SOnHe 2024 — FONTE SECUNDÁRIA, SETOR PRIVADO, REFERÊNCIA A VALIDAR"
Mama,metastático,Olaparibe,,Olaparibe,300 mg,fixa,VO,12/12h,contínuo,até progressão/toxicidade,,,,"periodicidade: Continuamente, até progressão de doença ou toxicidade limitante",41,"SOnHe 2024 — FONTE SECUNDÁRIA, SETOR PRIVADO, REFERÊNCIA A VALIDAR"
Mama,metastático,Alpelisibe,,Alpelisibe,300 mg,fixa,VO,1x/dia,contínuo,até progressão/toxicidade,,,,"periodicidade: Continuamente, até progressão de doença ou toxicidade limitante iCDK4/6",42,"SOnHe 2024 — FONTE SECUNDÁRIA, SETOR PRIVADO, REFERÊNCIA A VALIDAR"
Mama,metastático,Palbociclibe,,Palbociclibe,125 mg,fixa,VO,D1 a D21; 1x/dia,28,até progressão/toxicidade,,,,"periodicidade: A cada 28 dias, até progressão de doença ou toxicidade limitante",42,"SOnHe 2024 — FONTE SECUNDÁRIA, SETOR PRIVADO, REFERÊNCIA A VALIDAR"
Mama,metastático,Ribociclibe,,Ribociclibe,600 mg,fixa,VO,D1 a D21; 1x/dia,28,até progressão/toxicidade,,,,"periodicidade: A cada 28 dias, até progressão de doença ou toxicidade limitante",42,"SOnHe 2024 — FONTE SECUNDÁRIA, SETOR PRIVADO, REFERÊNCIA A VALIDAR"
Mama,metastático,Abemaciclibe,,Abemaciclibe,150 mg,fixa,VO,12/12h,contínuo,até progressão/toxicidade,,,,"periodicidade: Continuamente, até progressão de doença ou toxicidade limitante",43,"SOnHe 2024 — FONTE SECUNDÁRIA, SETOR PRIVADO, REFERÊNCIA A VALIDAR"
Mama,metastático,Trastuzumabe-deruxtecana (T-DXd),,Trastuzumabe-deruxtecana,"5,4",mg/kg,EV,D1,21,até progressão/toxicidade,,,,"periodicidade: A cada 21 dias, até progressão de doença e/ou toxicidade limitante",43,"SOnHe 2024 — FONTE SECUNDÁRIA, SETOR PRIVADO, REFERÊNCIA A VALIDAR"
Mama,metastático,Sacituzumabe,,Sacituzumabe-govitecana,10,mg/kg,,D1/D8,21,até progressão/toxicidade,,,,"periodicidade: A cada 21 dias, até progressão de doença e/ou toxicidade limitante",43,"SOnHe 2024 — FONTE SECUNDÁRIA, SETOR PRIVADO, REFERÊNCIA A VALIDAR"
Mama,metastático,Estimuladores de colônias de granulócitos (suporte G-CSF),,Filgrastim,300 mcg,fixa,SC,D2 a D7,,,,,,item de suporte (não antineoplásico),44,"SOnHe 2024 — FONTE SECUNDÁRIA, SETOR PRIVADO, REFERÊNCIA A VALIDAR"
Mama,metastático,Estimuladores de colônias de granulócitos (suporte G-CSF),,Pegfilgrastim,6 mg,fixa,SC,D2,,,,,,item de suporte (não antineoplásico),44,"SOnHe 2024 — FONTE SECUNDÁRIA, SETOR PRIVADO, REFERÊNCIA A VALIDAR"
Mama,metastático,Denosumabe,,Denosumabe,80 mg,fixa,SC,D1,28,,,,,"item de suporte (não antineoplásico) | periodicidade: A cada 28 dias, continuamente",44,"SOnHe 2024 — FONTE SECUNDÁRIA, SETOR PRIVADO, REFERÊNCIA A VALIDAR"
Mama,metastático,Ácido zoledrônico,,Ácido zoledrônico,4 mg,fixa,EV,D1,a cada 3 ou 6 meses,,,,,item de suporte (não antineoplásico) | periodicidade: A cada 3 ou 6 meses,44,"SOnHe 2024 — FONTE SECUNDÁRIA, SETOR PRIVADO, REFERÊNCIA A VALIDAR"
Colo de útero,concomitante à RT,CDDP semanal,,Cisplatina,40,mg/m²,EV,D1,7,6-8 semanas,,,,"periodicidade: Semanal, 6-8 semanas (concomitante à RT)",51,"SOnHe 2024 — FONTE SECUNDÁRIA, SETOR PRIVADO, REFERÊNCIA A VALIDAR"
Colo de útero,neoadjuvante/indução,Carboplatina + Paclitaxel semanal (indução),,Paclitaxel,80,mg/m²,EV,D1,7,6,,,,"periodicidade: A cada 7 dias, 6 ciclos",51,"SOnHe 2024 — FONTE SECUNDÁRIA, SETOR PRIVADO, REFERÊNCIA A VALIDAR"
Colo de útero,neoadjuvante/indução,Carboplatina + Paclitaxel semanal (indução),,Carboplatina,2,AUC,EV,D1,7,6,,,,"periodicidade: A cada 7 dias, 6 ciclos",51,"SOnHe 2024 — FONTE SECUNDÁRIA, SETOR PRIVADO, REFERÊNCIA A VALIDAR"
Colo de útero,paliativo/metastático,CDDP + Paclitaxel + Bevacizumabe + Pembrolizumabe,,Paclitaxel,175,mg/m²,EV,D1,21,6; até progressão/toxicidade,,,,"periodicidade: A cada 21 dias, 6 ciclos; manutenção com Bevacizumabe + Pembrolizumabe até 35 ciclos ou progressão/toxicicidade limitante",52,"SOnHe 2024 — FONTE SECUNDÁRIA, SETOR PRIVADO, REFERÊNCIA A VALIDAR"
Colo de útero,paliativo/metastático,CDDP + Paclitaxel + Bevacizumabe + Pembrolizumabe,,Cisplatina,50,mg/m²,EV,D1,21,6; até progressão/toxicidade,,,,"periodicidade: A cada 21 dias, 6 ciclos; manutenção com Bevacizumabe + Pembrolizumabe até 35 ciclos ou progressão/toxicicidade limitante",52,"SOnHe 2024 — FONTE SECUNDÁRIA, SETOR PRIVADO, REFERÊNCIA A VALIDAR"
Colo de útero,paliativo/metastático,CDDP + Paclitaxel + Bevacizumabe + Pembrolizumabe,,Bevacizumabe,15,mg/kg,EV,D1,21,6; até progressão/toxicidade,,,,"periodicidade: A cada 21 dias, 6 ciclos; manutenção com Bevacizumabe + Pembrolizumabe até 35 ciclos ou progressão/toxicicidade limitante",52,"SOnHe 2024 — FONTE SECUNDÁRIA, SETOR PRIVADO, REFERÊNCIA A VALIDAR"
Colo de útero,paliativo/metastático,CDDP + Paclitaxel + Bevacizumabe + Pembrolizumabe,,Pembrolizumabe,200 mg,fixa,EV,D1,21,6; até progressão/toxicidade,,,,"periodicidade: A cada 21 dias, 6 ciclos; manutenção com Bevacizumabe + Pembrolizumabe até 35 ciclos ou progressão/toxicicidade limitante",52,"SOnHe 2024 — FONTE SECUNDÁRIA, SETOR PRIVADO, REFERÊNCIA A VALIDAR"
Colo de útero,paliativo/metastático,Carboplatina + Paclitaxel + Bevacizumabe + Pembrolizumabe,,Paclitaxel,175,mg/m²,EV,D1,21,6; até progressão/toxicidade,,,,"periodicidade: A cada 21 dias, 6 ciclos; manutenção com Bevacizumabe + Pembrolizumabe até 35 ciclos ou progressão/toxicicidade limitante",52,"SOnHe 2024 — FONTE SECUNDÁRIA, SETOR PRIVADO, REFERÊNCIA A VALIDAR"
Colo de útero,paliativo/metastático,Carboplatina + Paclitaxel + Bevacizumabe + Pembrolizumabe,,Carboplatina,5,AUC,EV,D1,21,6; até progressão/toxicidade,,,,"periodicidade: A cada 21 dias, 6 ciclos; manutenção com Bevacizumabe + Pembrolizumabe até 35 ciclos ou progressão/toxicicidade limitante",52,"SOnHe 2024 — FONTE SECUNDÁRIA, SETOR PRIVADO, REFERÊNCIA A VALIDAR"
Colo de útero,paliativo/metastático,Carboplatina + Paclitaxel + Bevacizumabe + Pembrolizumabe,,Bevacizumabe,15,mg/kg,EV,D1,21,6; até progressão/toxicidade,,,,"periodicidade: A cada 21 dias, 6 ciclos; manutenção com Bevacizumabe + Pembrolizumabe até 35 ciclos ou progressão/toxicicidade limitante",52,"SOnHe 2024 — FONTE SECUNDÁRIA, SETOR PRIVADO, REFERÊNCIA A VALIDAR"
Colo de útero,paliativo/metastático,Carboplatina + Paclitaxel + Bevacizumabe + Pembrolizumabe,,Pembrolizumabe,200 mg,fixa,EV,D1,21,6; até progressão/toxicidade,,,,"periodicidade: A cada 21 dias, 6 ciclos; manutenção com Bevacizumabe + Pembrolizumabe até 35 ciclos ou progressão/toxicicidade limitante",52,"SOnHe 2024 — FONTE SECUNDÁRIA, SETOR PRIVADO, REFERÊNCIA A VALIDAR"
Colo de útero,paliativo/metastático,CDDP + Paclitaxel + Bevacizumabe,,Paclitaxel,175,mg/m²,EV,D1,21,até progressão/toxicidade,,,,"periodicidade: A cada 21 dias, até progressão de doença ou toxicidade limitante",53,"SOnHe 2024 — FONTE SECUNDÁRIA, SETOR PRIVADO, REFERÊNCIA A VALIDAR"
Colo de útero,paliativo/metastático,CDDP + Paclitaxel + Bevacizumabe,,Cisplatina,50,mg/m²,EV,D1,21,até progressão/toxicidade,,,,"periodicidade: A cada 21 dias, até progressão de doença ou toxicidade limitante",53,"SOnHe 2024 — FONTE SECUNDÁRIA, SETOR PRIVADO, REFERÊNCIA A VALIDAR"
Colo de útero,paliativo/metastático,CDDP + Paclitaxel + Bevacizumabe,,Bevacizumabe,15,mg/kg,EV,D1,21,até progressão/toxicidade,,,,"periodicidade: A cada 21 dias, até progressão de doença ou toxicidade limitante",53,"SOnHe 2024 — FONTE SECUNDÁRIA, SETOR PRIVADO, REFERÊNCIA A VALIDAR"
Colo de útero,paliativo/metastático,Carboplatina + Paclitaxel + Bevacizumabe,,Paclitaxel,175,mg/m²,EV,D1,21,até progressão/toxicidade,,,,"periodicidade: A cada 21 dias, até progressão de doença ou toxicidade limitante",53,"SOnHe 2024 — FONTE SECUNDÁRIA, SETOR PRIVADO, REFERÊNCIA A VALIDAR"
Colo de útero,paliativo/metastático,Carboplatina + Paclitaxel + Bevacizumabe,,Carboplatina,5,AUC,EV,D1,21,até progressão/toxicidade,,,,"periodicidade: A cada 21 dias, até progressão de doença ou toxicidade limitante",53,"SOnHe 2024 — FONTE SECUNDÁRIA, SETOR PRIVADO, REFERÊNCIA A VALIDAR"
Colo de útero,paliativo/metastático,Carboplatina + Paclitaxel + Bevacizumabe,,Bevacizumabe,15,mg/kg,EV,D1,21,até progressão/toxicidade,,,,"periodicidade: A cada 21 dias, até progressão de doença ou toxicidade limitante",53,"SOnHe 2024 — FONTE SECUNDÁRIA, SETOR PRIVADO, REFERÊNCIA A VALIDAR"
Colo de útero,paliativo/metastático,Cemiplimabe,,Cemiplimabe,350 mg,fixa,EV,D1,21,24 meses; até progressão/toxicidade,,,,"periodicidade: A cada 21 dias, por até 24 meses ou progressão de doença/toxicidade limitante",53,"SOnHe 2024 — FONTE SECUNDÁRIA, SETOR PRIVADO, REFERÊNCIA A VALIDAR"
Colo de útero,paliativo/metastático,Gencitabina monoterapia,,Gencitabina,800,mg/m²,EV,D1/D8/D15,28,até progressão/toxicidade,,,,"periodicidade: A cada 28 dias, até progressão de doença ou toxicidade limitante",54,"SOnHe 2024 — FONTE SECUNDÁRIA, SETOR PRIVADO, REFERÊNCIA A VALIDAR"
Colo de útero,paliativo/metastático,Ifosfamida monoterapia,,Ifosfamida,1.200,mg/m²,EV,D1 a D5,21,até progressão/toxicidade,,,,"periodicidade: A cada 21 dias, até progressão de doença ou toxicidade limitante",54,"SOnHe 2024 — FONTE SECUNDÁRIA, SETOR PRIVADO, REFERÊNCIA A VALIDAR"
Colo de útero,paliativo/metastático,Ifosfamida monoterapia,,Mesna,600,mg/m²,EV,D1 a D5,21,até progressão/toxicidade,,,,"0 e 4h após Ifosfamida | texto do manual: ""Mesna 600 mg/m² EV (0 e 4h após Ifosfamida) D1 a D5"" | periodicidade: A cada 21 dias, até progressão de doença ou toxicidade limitante",54,"SOnHe 2024 — FONTE SECUNDÁRIA, SETOR PRIVADO, REFERÊNCIA A VALIDAR"
Colo de útero,paliativo/metastático,Pemetrexede,,Pemetrexede,500,mg/m²,EV,D1,21,até progressão/toxicidade,,,,"periodicidade: A cada 21 dias, até progressão de doença ou toxicidade limitante",54,"SOnHe 2024 — FONTE SECUNDÁRIA, SETOR PRIVADO, REFERÊNCIA A VALIDAR"
Colo de útero,paliativo/metastático,Topotecano,,Topotecano,"1,5",mg/m²,EV,D1 a D5,21,até progressão/toxicidade,,,,"periodicidade: A cada 21 dias, até progressão de doença ou toxicidade limitante",54,"SOnHe 2024 — FONTE SECUNDÁRIA, SETOR PRIVADO, REFERÊNCIA A VALIDAR"
Endométrio,,Acetato de medroxiprogesterona,,Acetato de medroxiprogesterona,400-600 mg,fixa,,diariamente,,,,,,periodicidade: Duração: até 12 meses,62,"SOnHe 2024 — FONTE SECUNDÁRIA, SETOR PRIVADO, REFERÊNCIA A VALIDAR"
Endométrio,,Acetato de megestrol (preservação de fertilidade),,Megestrol,160 mg,fixa,VO,1x/dia; continuamente,,,,,,periodicidade: Duração: até 12 meses,62,"SOnHe 2024 — FONTE SECUNDÁRIA, SETOR PRIVADO, REFERÊNCIA A VALIDAR"
Endométrio,concomitante à RT,CDDP concomitante à RT,,Cisplatina,50,mg/m²,EV,D1/D29,,,,,,,62,"SOnHe 2024 — FONTE SECUNDÁRIA, SETOR PRIVADO, REFERÊNCIA A VALIDAR"
Endométrio,adjuvante,Carboplatina + Paclitaxel,,Paclitaxel,175,mg/m²,EV,D1,21,4 a 6,,,,"periodicidade: Adjuvante: a cada 21 dias, 4 a 6 ciclos Paliativo: a cada 21 dias, até progressão de doença ou toxicidade limitante",62,"SOnHe 2024 — FONTE SECUNDÁRIA, SETOR PRIVADO, REFERÊNCIA A VALIDAR"
Endométrio,adjuvante,Carboplatina + Paclitaxel,,Carboplatina,5,AUC,EV,D1,21,4 a 6,,,,"periodicidade: Adjuvante: a cada 21 dias, 4 a 6 ciclos Paliativo: a cada 21 dias, até progressão de doença ou toxicidade limitante",62,"SOnHe 2024 — FONTE SECUNDÁRIA, SETOR PRIVADO, REFERÊNCIA A VALIDAR"
Endométrio,paliativo/metastático,Carboplatina + Paclitaxel,,Paclitaxel,175,mg/m²,EV,D1,21,até progressão/toxicidade,,,,"periodicidade: Adjuvante: a cada 21 dias, 4 a 6 ciclos Paliativo: a cada 21 dias, até progressão de doença ou toxicidade limitante",62,"SOnHe 2024 — FONTE SECUNDÁRIA, SETOR PRIVADO, REFERÊNCIA A VALIDAR"
Endométrio,paliativo/metastático,Carboplatina + Paclitaxel,,Carboplatina,5,AUC,EV,D1,21,até progressão/toxicidade,,,,"periodicidade: Adjuvante: a cada 21 dias, 4 a 6 ciclos Paliativo: a cada 21 dias, até progressão de doença ou toxicidade limitante",62,"SOnHe 2024 — FONTE SECUNDÁRIA, SETOR PRIVADO, REFERÊNCIA A VALIDAR"
Endométrio,paliativo/metastático,CDDP + Doxorrubicina,,Cisplatina,50,mg/m²,EV,D1,21,8; até progressão/toxicidade,,,,"periodicidade: A cada 21 dias, 8 ciclos; após, manter cisplatina até progressão de doença ou toxicidade limitante",63,"SOnHe 2024 — FONTE SECUNDÁRIA, SETOR PRIVADO, REFERÊNCIA A VALIDAR"
Endométrio,paliativo/metastático,CDDP + Doxorrubicina,,Doxorrubicina,50,mg/m²,EV,D1,21,8; até progressão/toxicidade,,,,"periodicidade: A cada 21 dias, 8 ciclos; após, manter cisplatina até progressão de doença ou toxicidade limitante",63,"SOnHe 2024 — FONTE SECUNDÁRIA, SETOR PRIVADO, REFERÊNCIA A VALIDAR"
Endométrio,paliativo/metastático,Carboplatina + Paclitaxel + Trastuzumabe,,Paclitaxel,175,mg/m²,EV,D1,21,6,,,,"periodicidade: QT: a cada 21 dias, por 6 ciclos Trastuzumabe: a cada 21 dias, até progressão de doença ou toxicidade limitante",63,"SOnHe 2024 — FONTE SECUNDÁRIA, SETOR PRIVADO, REFERÊNCIA A VALIDAR"
Endométrio,paliativo/metastático,Carboplatina + Paclitaxel + Trastuzumabe,,Carboplatina,5,AUC,EV,D1,21,6,,,,"periodicidade: QT: a cada 21 dias, por 6 ciclos Trastuzumabe: a cada 21 dias, até progressão de doença ou toxicidade limitante",63,"SOnHe 2024 — FONTE SECUNDÁRIA, SETOR PRIVADO, REFERÊNCIA A VALIDAR"
Endométrio,paliativo/metastático,Carboplatina + Paclitaxel + Trastuzumabe,,Trastuzumabe,6,mg/kg,EV,D1,21,até progressão/toxicidade,,,,"dose de ataque 8 mg/kg | periodicidade: QT: a cada 21 dias, por 6 ciclos Trastuzumabe: a cada 21 dias, até progressão de doença ou toxicidade limitante",63,"SOnHe 2024 — FONTE SECUNDÁRIA, SETOR PRIVADO, REFERÊNCIA A VALIDAR"
Endométrio,paliativo/metastático,Doxorrubicina lipossomal,,Doxorrubicina lipossomal,40,mg/m²,EV,D1,21,até progressão/toxicidade,,,,"periodicidade: A cada 21 dias, até progressão de doença ou toxicidade limitante",63,"SOnHe 2024 — FONTE SECUNDÁRIA, SETOR PRIVADO, REFERÊNCIA A VALIDAR"
Endométrio,paliativo/metastático,Docetaxel monoterapia,,Docetaxel,75,mg/m²,EV,D1,21,até progressão/toxicidade,,,,"periodicidade: A cada 21 dias, até progressão de doença ou toxicidade limitante",64,"SOnHe 2024 — FONTE SECUNDÁRIA, SETOR PRIVADO, REFERÊNCIA A VALIDAR"
Endométrio,paliativo/metastático,Gencitabina,,Gencitabina,800 mg,fixa,EV,D1 e D8,21,até progressão/toxicidade,,,,"Manual imprime ""800 mg"" sem /m² — validar | periodicidade: A cada 21 dias, até progressão de doença ou toxicidade limitante",64,"SOnHe 2024 — FONTE SECUNDÁRIA, SETOR PRIVADO, REFERÊNCIA A VALIDAR"
Endométrio,paliativo/metastático,Ifosfamida,,Ifosfamida,1.200,g/m² (como impresso),EV,D1 a D5,21,até progressão/toxicidade,,,,"Manual imprime ""1.200 g/m²"" (provável erro tipográfico; demais capítulos usam 1.200 mg/m²) — validar | periodicidade: A cada 21 dias, até progressão de doença ou toxicidade limitante",64,"SOnHe 2024 — FONTE SECUNDÁRIA, SETOR PRIVADO, REFERÊNCIA A VALIDAR"
Endométrio,paliativo/metastático,Ifosfamida,,Mesna,750,mg/m²,EV,D1 a D5,21,até progressão/toxicidade,,,,"Manual imprime ""1.200 g/m²"" (provável erro tipográfico; demais capítulos usam 1.200 mg/m²) — validar | 0 e 4h após ifosfamida | texto do manual: ""Mesna 750 mg/m² EV (0 e 4h após ifosfamida) D1 a D5"" | periodicidade: A cada 21 dias, até progressão de doença ou toxicidade limitante",64,"SOnHe 2024 — FONTE SECUNDÁRIA, SETOR PRIVADO, REFERÊNCIA A VALIDAR"
Endométrio,paliativo/metastático,Topotecano,,Topotecano,1.200,mg/m²,EV,D1 a D5,21,até progressão/toxicidade,,,,"Manual imprime ""1.200 mg/m2"" para topotecano (provável erro tipográfico; Colo de útero usa 1,5 mg/m²) — validar | periodicidade: A cada 21 dias, até progressão de doença ou toxicidade limitante",64,"SOnHe 2024 — FONTE SECUNDÁRIA, SETOR PRIVADO, REFERÊNCIA A VALIDAR"
Endométrio,paliativo/metastático,Acetato de Megestrol (paliativo),,Acetato de megestrol,160 mg,fixa,VO,continuamente,contínuo,até progressão/toxicidade,,,,"periodicidade: Continuamente, até progressão de doença ou toxicidade limitante",65,"SOnHe 2024 — FONTE SECUNDÁRIA, SETOR PRIVADO, REFERÊNCIA A VALIDAR"
Endométrio,paliativo/metastático,Tamoxifeno/Megestrol,,Tamoxifeno,40 mg,fixa,VO,1x/dia,21,até progressão/toxicidade,,,,"periodicidade: Alternar Tamoxifeno e Megestrol a cada 3 semanas, até progressão de doença ou toxicidade limitante",65,"SOnHe 2024 — FONTE SECUNDÁRIA, SETOR PRIVADO, REFERÊNCIA A VALIDAR"
Endométrio,paliativo/metastático,Tamoxifeno/Megestrol,,Acetato de megestrol,160 mg,fixa,VO,,21,até progressão/toxicidade,,,,"periodicidade: Alternar Tamoxifeno e Megestrol a cada 3 semanas, até progressão de doença ou toxicidade limitante",65,"SOnHe 2024 — FONTE SECUNDÁRIA, SETOR PRIVADO, REFERÊNCIA A VALIDAR"
Endométrio,paliativo/metastático,Fulvestranto,,Fulvestranto,250 mg,fixa,IM,D1,28,até progressão/toxicidade,,,,"periodicidade: A cada 28 dias, até progressão de doença ou toxicidade limitante",66,"SOnHe 2024 — FONTE SECUNDÁRIA, SETOR PRIVADO, REFERÊNCIA A VALIDAR"
Endométrio,paliativo/metastático,Pembrolizumabe,,Pembrolizumabe,200 mg,fixa,EV,D1,21,até progressão/toxicidade,,,,"periodicidade: A cada 21 dias, até progressão de doença ou toxicidade limitante",66,"SOnHe 2024 — FONTE SECUNDÁRIA, SETOR PRIVADO, REFERÊNCIA A VALIDAR"
Endométrio,paliativo/metastático,Pembrolizumabe + Lenvatinibe,,Pembrolizumabe,200 mg,fixa,EV,D1,21,até progressão/toxicidade,,,,"periodicidade: A cada 21 dias, até progressão de doença ou toxicidade limitante",66,"SOnHe 2024 — FONTE SECUNDÁRIA, SETOR PRIVADO, REFERÊNCIA A VALIDAR"
Endométrio,paliativo/metastático,Pembrolizumabe + Lenvatinibe,,Lenvatinibe,20 mg,fixa,VO,1x/dia; continuamente,21,até progressão/toxicidade,,,,"periodicidade: A cada 21 dias, até progressão de doença ou toxicidade limitante",66,"SOnHe 2024 — FONTE SECUNDÁRIA, SETOR PRIVADO, REFERÊNCIA A VALIDAR"
Ovário,perioperatório,Carboplatina + Paclitaxel,,Carboplatina,6,AUC,EV,D1,21,6 a 9,,,,"periodicidade: Perioperatório: a cada 21 dias, 6 a 9 ciclos Adjuvante: a cada 21 dias, 3 a 6 ciclos após cirurgia Paliativo: a cada 21 dias, até progressão de doença ou toxicidade limitante",73,"SOnHe 2024 — FONTE SECUNDÁRIA, SETOR PRIVADO, REFERÊNCIA A VALIDAR"
Ovário,perioperatório,Carboplatina + Paclitaxel,,Paclitaxel,175,mg/m²,EV,D1,21,6 a 9,,,,"periodicidade: Perioperatório: a cada 21 dias, 6 a 9 ciclos Adjuvante: a cada 21 dias, 3 a 6 ciclos após cirurgia Paliativo: a cada 21 dias, até progressão de doença ou toxicidade limitante",73,"SOnHe 2024 — FONTE SECUNDÁRIA, SETOR PRIVADO, REFERÊNCIA A VALIDAR"
Ovário,adjuvante,Carboplatina + Paclitaxel,,Carboplatina,6,AUC,EV,D1,21,3 a 6,,,,"periodicidade: Perioperatório: a cada 21 dias, 6 a 9 ciclos Adjuvante: a cada 21 dias, 3 a 6 ciclos após cirurgia Paliativo: a cada 21 dias, até progressão de doença ou toxicidade limitante",73,"SOnHe 2024 — FONTE SECUNDÁRIA, SETOR PRIVADO, REFERÊNCIA A VALIDAR"
Ovário,adjuvante,Carboplatina + Paclitaxel,,Paclitaxel,175,mg/m²,EV,D1,21,3 a 6,,,,"periodicidade: Perioperatório: a cada 21 dias, 6 a 9 ciclos Adjuvante: a cada 21 dias, 3 a 6 ciclos após cirurgia Paliativo: a cada 21 dias, até progressão de doença ou toxicidade limitante",73,"SOnHe 2024 — FONTE SECUNDÁRIA, SETOR PRIVADO, REFERÊNCIA A VALIDAR"
Ovário,paliativo/metastático,Carboplatina + Paclitaxel,,Carboplatina,6,AUC,EV,D1,21,até progressão/toxicidade,,,,"periodicidade: Perioperatório: a cada 21 dias, 6 a 9 ciclos Adjuvante: a cada 21 dias, 3 a 6 ciclos após cirurgia Paliativo: a cada 21 dias, até progressão de doença ou toxicidade limitante",73,"SOnHe 2024 — FONTE SECUNDÁRIA, SETOR PRIVADO, REFERÊNCIA A VALIDAR"
Ovário,paliativo/metastático,Carboplatina + Paclitaxel,,Paclitaxel,175,mg/m²,EV,D1,21,até progressão/toxicidade,,,,"periodicidade: Perioperatório: a cada 21 dias, 6 a 9 ciclos Adjuvante: a cada 21 dias, 3 a 6 ciclos após cirurgia Paliativo: a cada 21 dias, até progressão de doença ou toxicidade limitante",73,"SOnHe 2024 — FONTE SECUNDÁRIA, SETOR PRIVADO, REFERÊNCIA A VALIDAR"
Ovário,,Carboplatina + Paclitaxel semanal,,Carboplatina,2,AUC,EV,D1/D8/D15,21,6,,,,"periodicidade: A cada 21 dias, 6 ciclos",74,"SOnHe 2024 — FONTE SECUNDÁRIA, SETOR PRIVADO, REFERÊNCIA A VALIDAR"
Ovário,,Carboplatina + Paclitaxel semanal,,Paclitaxel,60,mg/m²,EV,D1/D8/D15,21,6,,,,"periodicidade: A cada 21 dias, 6 ciclos",74,"SOnHe 2024 — FONTE SECUNDÁRIA, SETOR PRIVADO, REFERÊNCIA A VALIDAR"
Ovário,manutenção,Olaparibe,,Olaparibe,150 mg,fixa,VO,12/12h,contínuo,2 anos,,,,"texto do manual: ""Olaparibe 150 mg 2 comprimidos VO 12/12h"" | periodicidade: Manutenção: continuamente, por 2 anos Paliativo: continuamente, até progressão de doença ou toxicidade limitante",74,"SOnHe 2024 — FONTE SECUNDÁRIA, SETOR PRIVADO, REFERÊNCIA A VALIDAR"
Ovário,paliativo/metastático,Olaparibe,,Olaparibe,150 mg,fixa,VO,12/12h,contínuo,até progressão/toxicidade,,,,"texto do manual: ""Olaparibe 150 mg 2 comprimidos VO 12/12h"" | periodicidade: Manutenção: continuamente, por 2 anos Paliativo: continuamente, até progressão de doença ou toxicidade limitante",74,"SOnHe 2024 — FONTE SECUNDÁRIA, SETOR PRIVADO, REFERÊNCIA A VALIDAR"
Ovário,manutenção,Niraparibe,,Niraparibe,200-300 mg,fixa,VO,1x/dia,contínuo,2 anos,,,,"periodicidade: Manutenção: continuamente, por 2 anos Paliativo: continuamente, até progressão de doença ou toxicidade limitante",74,"SOnHe 2024 — FONTE SECUNDÁRIA, SETOR PRIVADO, REFERÊNCIA A VALIDAR"
Ovário,paliativo/metastático,Niraparibe,,Niraparibe,200-300 mg,fixa,VO,1x/dia,contínuo,até progressão/toxicidade,,,,"periodicidade: Manutenção: continuamente, por 2 anos Paliativo: continuamente, até progressão de doença ou toxicidade limitante",74,"SOnHe 2024 — FONTE SECUNDÁRIA, SETOR PRIVADO, REFERÊNCIA A VALIDAR"
Ovário,,CDDP + Gencitabina,,Cisplatina,70,mg/m²,EV,D1,21,6 a 10,,,,"periodicidade: A cada 21 dias, 6 a 10 ciclos.",74,"SOnHe 2024 — FONTE SECUNDÁRIA, SETOR PRIVADO, REFERÊNCIA A VALIDAR"
Ovário,,CDDP + Gencitabina,,Gencitabina,850,mg/m²,EV,D1/D8,21,6 a 10,,,,"periodicidade: A cada 21 dias, 6 a 10 ciclos.",74,"SOnHe 2024 — FONTE SECUNDÁRIA, SETOR PRIVADO, REFERÊNCIA A VALIDAR"
Ovário,,Carboplatina + Gencitabina,,Carboplatina,4,AUC,EV,D1,21,6 a 10,,,,"periodicidade: A cada 21 dias, 6 a 10 ciclos",75,"SOnHe 2024 — FONTE SECUNDÁRIA, SETOR PRIVADO, REFERÊNCIA A VALIDAR"
Ovário,,Carboplatina + Gencitabina,,Gencitabina,1.000,mg/m²,EV,D1/D8,21,6 a 10,,,,"periodicidade: A cada 21 dias, 6 a 10 ciclos",75,"SOnHe 2024 — FONTE SECUNDÁRIA, SETOR PRIVADO, REFERÊNCIA A VALIDAR"
Ovário,,Carboplatina + Doxorrubicina lipossomal,,Carboplatina,5,AUC,EV,D1,21,6,,,,"periodicidade: A cada 21 dias, 6 ciclos",75,"SOnHe 2024 — FONTE SECUNDÁRIA, SETOR PRIVADO, REFERÊNCIA A VALIDAR"
Ovário,,Carboplatina + Doxorrubicina lipossomal,,Doxorrubicina lipossomal,30,mg/m²,EV,D1,21,6,,,,"periodicidade: A cada 21 dias, 6 ciclos",75,"SOnHe 2024 — FONTE SECUNDÁRIA, SETOR PRIVADO, REFERÊNCIA A VALIDAR"
Ovário,paliativo/metastático,Doxorrubicina lipossomal monoterapia,,Doxorrubicina lipossomal,40,mg/m²,EV,D1,28,até progressão/toxicidade,,,,"periodicidade: A cada 28 dias, até progressão de doença ou toxicidade limitante",75,"SOnHe 2024 — FONTE SECUNDÁRIA, SETOR PRIVADO, REFERÊNCIA A VALIDAR"
Ovário,paliativo/metastático,Topotecano monoterapia,,Topotecano,"1,25",mg/m²,EV,D1 a D5,28,até progressão/toxicidade,,,,"periodicidade: A cada 28 dias, até progressão de doença ou toxicidade limitante.",75,"SOnHe 2024 — FONTE SECUNDÁRIA, SETOR PRIVADO, REFERÊNCIA A VALIDAR"
Ovário,manutenção 1ª linha,Bevacizumabe,,Bevacizumabe,15,mg/kg,EV,D1,21,15 meses,,,,"periodicidade: Manutenção 1ª linha: a cada 21 dias, por 15 meses Manutenção recidiva: a cada 21 dias, até progressão de doença ou toxicidade limitante",76,"SOnHe 2024 — FONTE SECUNDÁRIA, SETOR PRIVADO, REFERÊNCIA A VALIDAR"
Ovário,manutenção recidiva,Bevacizumabe,,Bevacizumabe,15,mg/kg,EV,D1,21,até progressão/toxicidade,,,,"periodicidade: Manutenção 1ª linha: a cada 21 dias, por 15 meses Manutenção recidiva: a cada 21 dias, até progressão de doença ou toxicidade limitante",76,"SOnHe 2024 — FONTE SECUNDÁRIA, SETOR PRIVADO, REFERÊNCIA A VALIDAR"
Ovário,paliativo/metastático,Paclitaxel semanal,,Paclitaxel,80,mg/m²,EV,D1/D8/D15,28,até progressão/toxicidade,,,,"periodicidade: A cada 28 dias, até progressão de doença ou toxicidade limitante",76,"SOnHe 2024 — FONTE SECUNDÁRIA, SETOR PRIVADO, REFERÊNCIA A VALIDAR"
Ovário,paliativo/metastático,Gencitabina monoterapia,,Gencitabina,1.000,mg/m²,EV,D1/D8/D15,28,até progressão/toxicidade,,,,"periodicidade: A cada 28 dias, até progressão de doença ou toxicidade limitante",76,"SOnHe 2024 — FONTE SECUNDÁRIA, SETOR PRIVADO, REFERÊNCIA A VALIDAR"
Ovário,paliativo/metastático,Ciclofosfamida oral,,Ciclofosfamida,50 mg,fixa,VO,1x/dia,contínuo,até progressão/toxicidade,,,,"texto do manual: ""Ciclofosfamida 50 mg 2 comprimidos VO 1x/dia"" | periodicidade: Continuamente, até progressão de doença ou toxicidade limitante.",76,"SOnHe 2024 — FONTE SECUNDÁRIA, SETOR PRIVADO, REFERÊNCIA A VALIDAR"
Ovário,paliativo/metastático,Letrozol monoterapia,,Letrozol,"2,5 mg",fixa,VO,1x/dia,contínuo,até progressão/toxicidade,,,,"texto do manual: ""Letrozol 2,5 mg 1 comprimido VO 1x/dia"" | periodicidade: Continuamente, até progressão de doença ou toxicidade limitante",77,"SOnHe 2024 — FONTE SECUNDÁRIA, SETOR PRIVADO, REFERÊNCIA A VALIDAR"
Ovário,paliativo/metastático,Etoposídeo oral,,Etoposídeo,50-100,mg/m²,VO,D1 a D21,28,até progressão/toxicidade,,,,"periodicidade: A cada 28 dias, até progressão de doença ou toxicidade limitante",77,"SOnHe 2024 — FONTE SECUNDÁRIA, SETOR PRIVADO, REFERÊNCIA A VALIDAR"
Ovário,,Esquema BEP,,Cisplatina,20,mg/m²,EV,D1 a D5,21,3 a 4,,,,"periodicidade: A cada 21 dias, 3 a 4 ciclos.",77,"SOnHe 2024 — FONTE SECUNDÁRIA, SETOR PRIVADO, REFERÊNCIA A VALIDAR"
Ovário,,Esquema BEP,,Etoposídeo,100,mg/m²,EV,D1 a D5,21,3 a 4,,,,"periodicidade: A cada 21 dias, 3 a 4 ciclos.",77,"SOnHe 2024 — FONTE SECUNDÁRIA, SETOR PRIVADO, REFERÊNCIA A VALIDAR"
Ovário,,Esquema BEP,,Bleomicina,30 U,fixa,EV,D1/D8/D15,21,3 a 4,,,,"periodicidade: A cada 21 dias, 3 a 4 ciclos.",77,"SOnHe 2024 — FONTE SECUNDÁRIA, SETOR PRIVADO, REFERÊNCIA A VALIDAR"
Ovário,,Esquema TIP,,Paclitaxel,250,mg/m²,EV,D1,21,4,24 h (bomba de infusão),,,"periodicidade: A cada 21 dias, 4 ciclos.",77,"SOnHe 2024 — FONTE SECUNDÁRIA, SETOR PRIVADO, REFERÊNCIA A VALIDAR"
Ovário,,Esquema TIP,,Ifosfamida,1.200,mg/m²,EV,D1 a D5,21,4,,,,"periodicidade: A cada 21 dias, 4 ciclos.",77,"SOnHe 2024 — FONTE SECUNDÁRIA, SETOR PRIVADO, REFERÊNCIA A VALIDAR"
Ovário,,Esquema TIP,,Mesna,600,mg/m²,EV,D1 a D5,21,4,,,,"0 e 4h após a Ifosfamida | texto do manual: ""Mesna 600 mg/m² EV (0 e 4h após a Ifosfamida) D1 a D5"" | periodicidade: A cada 21 dias, 4 ciclos.",77,"SOnHe 2024 — FONTE SECUNDÁRIA, SETOR PRIVADO, REFERÊNCIA A VALIDAR"
Ovário,,Esquema TIP,,Cisplatina,20,mg/m²,EV,D1 a D5,21,4,,,,"periodicidade: A cada 21 dias, 4 ciclos.",77,"SOnHe 2024 — FONTE SECUNDÁRIA, SETOR PRIVADO, REFERÊNCIA A VALIDAR"
Ovário,,Esquema TIP,,Filgrastima,300 mcg,fixa,SC,D7 a D18,21,4,,,,"periodicidade: A cada 21 dias, 4 ciclos.",77,"SOnHe 2024 — FONTE SECUNDÁRIA, SETOR PRIVADO, REFERÊNCIA A VALIDAR"
Vagina,concomitante à RT,CDDP semanal (+RT),,CDDP,40,mg/m²,EV,D1,7,7,,,,"periodicidade: Semanalmente, 7 ciclos (concomitante à RT)",83,"SOnHe 2024 — FONTE SECUNDÁRIA, SETOR PRIVADO, REFERÊNCIA A VALIDAR"
Vagina,concomitante à RT,CDDP + 5FU (+RT),,CDDP,50,mg/m²,EV,D1,28,3,,,,"periodicidade: A cada 28 dias, 3 ciclos (concomitante à RT)",84,"SOnHe 2024 — FONTE SECUNDÁRIA, SETOR PRIVADO, REFERÊNCIA A VALIDAR"
Vagina,concomitante à RT,CDDP + 5FU (+RT),,5FU,4.000,mg/m²,EV,D1,28,3,96 h (bomba de infusão),,,"periodicidade: A cada 28 dias, 3 ciclos (concomitante à RT)",84,"SOnHe 2024 — FONTE SECUNDÁRIA, SETOR PRIVADO, REFERÊNCIA A VALIDAR"
Vagina,paliativo/metastático,CDDP + Paclitaxel,,CDDP,50,mg/m²,EV,D1,21,até progressão/toxicidade,,,,"periodicidade: A cada 21 dias, até progressão de doença ou toxicidade limitante",84,"SOnHe 2024 — FONTE SECUNDÁRIA, SETOR PRIVADO, REFERÊNCIA A VALIDAR"
Vagina,paliativo/metastático,CDDP + Paclitaxel,,Paclitaxel,175,mg/m²,EV,D1,21,até progressão/toxicidade,,,,"periodicidade: A cada 21 dias, até progressão de doença ou toxicidade limitante",84,"SOnHe 2024 — FONTE SECUNDÁRIA, SETOR PRIVADO, REFERÊNCIA A VALIDAR"
Vagina,paliativo/metastático,Carboplatina + Paclitaxel,,Carboplatina,5,AUC,EV,D1,21,até progressão/toxicidade,,,,"periodicidade: A cada 21 dias, até progressão de doença ou toxicidade limitante",84,"SOnHe 2024 — FONTE SECUNDÁRIA, SETOR PRIVADO, REFERÊNCIA A VALIDAR"
Vagina,paliativo/metastático,Carboplatina + Paclitaxel,,Paclitaxel,175,mg/m²,EV,D1,21,até progressão/toxicidade,,,,"periodicidade: A cada 21 dias, até progressão de doença ou toxicidade limitante",84,"SOnHe 2024 — FONTE SECUNDÁRIA, SETOR PRIVADO, REFERÊNCIA A VALIDAR"
Vagina,paliativo/metastático,Gencitabina monoterapia,,Gencitabina,800,mg/m²,EV,D1/D8/D15,28,até progressão/toxicidade,,,,"periodicidade: A cada 28 dias, até progressão de doença ou toxicidade limitante",84,"SOnHe 2024 — FONTE SECUNDÁRIA, SETOR PRIVADO, REFERÊNCIA A VALIDAR"
Vagina,paliativo/metastático,Ifosfamida monoterapia,,Ifosfamida,1.200,mg/m²,EV,D1 a D5,21,até progressão/toxicidade,,,,"periodicidade: A cada 21 dias, até progressão de doença ou toxicidade limitante",85,"SOnHe 2024 — FONTE SECUNDÁRIA, SETOR PRIVADO, REFERÊNCIA A VALIDAR"
Vagina,paliativo/metastático,Ifosfamida monoterapia,,Mesna,600,mg/m²,EV,D1 a D5,21,até progressão/toxicidade,,,,"0 e 4h após Ifosfamida | texto do manual: ""Mesna 600 mg/m² EV (0 e 4h após Ifosfamida) D1 a D5"" | periodicidade: A cada 21 dias, até progressão de doença ou toxicidade limitante",85,"SOnHe 2024 — FONTE SECUNDÁRIA, SETOR PRIVADO, REFERÊNCIA A VALIDAR"
Vagina,paliativo/metastático,Irinotecano monoterapia,,Irinotecano,125,mg/m²,EV,D1/D8/D15/D22,42,até progressão/toxicidade,,,,"periodicidade: A cada 42 dias, até progressão de doença ou toxicidade limitante",85,"SOnHe 2024 — FONTE SECUNDÁRIA, SETOR PRIVADO, REFERÊNCIA A VALIDAR"
Vulva,concomitante à RT,CDDP semanal (+RT),,CDDP,40,mg/m²,EV,D1,7,7,,,,"periodicidade: Semanalmente, 7 ciclos (concomitante à RT)",90,"SOnHe 2024 — FONTE SECUNDÁRIA, SETOR PRIVADO, REFERÊNCIA A VALIDAR"
Vulva,concomitante à RT,CDDP + 5FU (+RT),,CDDP,50,mg/m²,EV,D1,21,2,,,,"periodicidade: A cada 21 dias, 2 ciclos (concomitante à RT)",90,"SOnHe 2024 — FONTE SECUNDÁRIA, SETOR PRIVADO, REFERÊNCIA A VALIDAR"
Vulva,concomitante à RT,CDDP + 5FU (+RT),,5-Fluorouracil,3.000-4.000,mg/m²,EV,D1,21,2,96 h (bomba de infusão),,,"periodicidade: A cada 21 dias, 2 ciclos (concomitante à RT)",90,"SOnHe 2024 — FONTE SECUNDÁRIA, SETOR PRIVADO, REFERÊNCIA A VALIDAR"
Vulva,concomitante à RT,Carboplatina semanal (+RT),,Carboplatina,2,AUC,EV,D1,7,7,,,,"periodicidade: Semanalmente, 7 ciclos (concomitante à RT)",91,"SOnHe 2024 — FONTE SECUNDÁRIA, SETOR PRIVADO, REFERÊNCIA A VALIDAR"
Vulva,paliativo/metastático,Carboplatina + Paclitaxel,,Carboplatina,5,AUC,EV,D1,21,até progressão/toxicidade,,,,"periodicidade: A cada 21 dias, até progressão de doença ou toxicidade limitante",91,"SOnHe 2024 — FONTE SECUNDÁRIA, SETOR PRIVADO, REFERÊNCIA A VALIDAR"
Vulva,paliativo/metastático,Carboplatina + Paclitaxel,,Paclitaxel,175,mg/m²,EV,D1,21,até progressão/toxicidade,,,,"periodicidade: A cada 21 dias, até progressão de doença ou toxicidade limitante",91,"SOnHe 2024 — FONTE SECUNDÁRIA, SETOR PRIVADO, REFERÊNCIA A VALIDAR"
Vulva,paliativo/metastático,CDDP + Vinorelbine,,CDDP,35,mg/m²,EV,D1/D8,21,até progressão/toxicidade,,,,"periodicidade: A cada 21 dias, até progressão de doença ou toxicidade limitante",91,"SOnHe 2024 — FONTE SECUNDÁRIA, SETOR PRIVADO, REFERÊNCIA A VALIDAR"
Vulva,paliativo/metastático,CDDP + Vinorelbine,,Vinorelbine,25,mg/m²,EV,D1/D8,21,até progressão/toxicidade,,,,"periodicidade: A cada 21 dias, até progressão de doença ou toxicidade limitante",91,"SOnHe 2024 — FONTE SECUNDÁRIA, SETOR PRIVADO, REFERÊNCIA A VALIDAR"
Vulva,paliativo/metastático,Paclitaxel monoterapia,,Paclitaxel,80,mg/m²,EV,D1/D8/D15,28,até progressão/toxicidade,,,,"periodicidade: A cada 28 dias, até progressão de doença ou toxicidade limitante",91,"SOnHe 2024 — FONTE SECUNDÁRIA, SETOR PRIVADO, REFERÊNCIA A VALIDAR"
Cólon,adjuvante,Capecitabina monoterapia,,Capecitabina,1.000,mg/m²,VO,D1 a D14; 12/12h,21,8,,,,"periodicidade: Adjuvante: a cada 21 dias, 8 ciclos (6 meses) Paliativo: a cada 21 dias, até progressão de doença ou toxicidade limitante",101,"SOnHe 2024 — FONTE SECUNDÁRIA, SETOR PRIVADO, REFERÊNCIA A VALIDAR"
Cólon,paliativo/metastático,Capecitabina monoterapia,,Capecitabina,1.000,mg/m²,VO,D1 a D14; 12/12h,21,até progressão/toxicidade,,,,"periodicidade: Adjuvante: a cada 21 dias, 8 ciclos (6 meses) Paliativo: a cada 21 dias, até progressão de doença ou toxicidade limitante",101,"SOnHe 2024 — FONTE SECUNDÁRIA, SETOR PRIVADO, REFERÊNCIA A VALIDAR"
Cólon,,Esquema Roswell-Park,,Ácido folínico,500,mg/m²,EV,D1,56,3,,,,"periodicidade: Semanalmente por 6 semanas, a cada 8 semanas, 3 ciclos",101,"SOnHe 2024 — FONTE SECUNDÁRIA, SETOR PRIVADO, REFERÊNCIA A VALIDAR"
Cólon,,Esquema Roswell-Park,,5-Fluorouracil,500,mg/m²,EV,D1,56,3,,,,"periodicidade: Semanalmente por 6 semanas, a cada 8 semanas, 3 ciclos",101,"SOnHe 2024 — FONTE SECUNDÁRIA, SETOR PRIVADO, REFERÊNCIA A VALIDAR"
Cólon,,Esquema deGramont,,Ácido folínico,400,mg/m²,EV,D1,14,6 a 12,,,,"periodicidade: A cada 14 dias, 6 a 12 ciclos (3 a 6 meses)",102,"SOnHe 2024 — FONTE SECUNDÁRIA, SETOR PRIVADO, REFERÊNCIA A VALIDAR"
Cólon,,Esquema deGramont,,5-Fluorouracil,400,mg/m²,EV,D1,14,6 a 12,,,,"periodicidade: A cada 14 dias, 6 a 12 ciclos (3 a 6 meses)",102,"SOnHe 2024 — FONTE SECUNDÁRIA, SETOR PRIVADO, REFERÊNCIA A VALIDAR"
Cólon,,Esquema deGramont,,5-Fluorouracil,2.400,mg/m²,EV,D1,14,6 a 12,48 h (bomba de infusão),,,"periodicidade: A cada 14 dias, 6 a 12 ciclos (3 a 6 meses)",102,"SOnHe 2024 — FONTE SECUNDÁRIA, SETOR PRIVADO, REFERÊNCIA A VALIDAR"
Cólon,adjuvante,Esquema FOLFOX,,Oxaliplatina,85,mg/m²,EV,D1,14,6 a 12,,,,"periodicidade: Adjuvante: a cada 14 dias, 6 a 12 ciclos (3 a 6 meses) Paliativo: a cada 14 dias, até progressão de doença ou toxicidade limitante",102,"SOnHe 2024 — FONTE SECUNDÁRIA, SETOR PRIVADO, REFERÊNCIA A VALIDAR"
Cólon,adjuvante,Esquema FOLFOX,,Ácido folínico,400,mg/m²,EV,D1,14,6 a 12,,,,"periodicidade: Adjuvante: a cada 14 dias, 6 a 12 ciclos (3 a 6 meses) Paliativo: a cada 14 dias, até progressão de doença ou toxicidade limitante",102,"SOnHe 2024 — FONTE SECUNDÁRIA, SETOR PRIVADO, REFERÊNCIA A VALIDAR"
Cólon,adjuvante,Esquema FOLFOX,,5-Fluorouracil,400,mg/m²,EV,D1,14,6 a 12,,,,"periodicidade: Adjuvante: a cada 14 dias, 6 a 12 ciclos (3 a 6 meses) Paliativo: a cada 14 dias, até progressão de doença ou toxicidade limitante",102,"SOnHe 2024 — FONTE SECUNDÁRIA, SETOR PRIVADO, REFERÊNCIA A VALIDAR"
Cólon,adjuvante,Esquema FOLFOX,,5-Fluorouracil,2.400,mg/m²,EV,D1,14,6 a 12,48 h (bomba de infusão),,,"periodicidade: Adjuvante: a cada 14 dias, 6 a 12 ciclos (3 a 6 meses) Paliativo: a cada 14 dias, até progressão de doença ou toxicidade limitante",102,"SOnHe 2024 — FONTE SECUNDÁRIA, SETOR PRIVADO, REFERÊNCIA A VALIDAR"
Cólon,paliativo/metastático,Esquema FOLFOX,,Oxaliplatina,85,mg/m²,EV,D1,14,até progressão/toxicidade,,,,"periodicidade: Adjuvante: a cada 14 dias, 6 a 12 ciclos (3 a 6 meses) Paliativo: a cada 14 dias, até progressão de doença ou toxicidade limitante",102,"SOnHe 2024 — FONTE SECUNDÁRIA, SETOR PRIVADO, REFERÊNCIA A VALIDAR"
Cólon,paliativo/metastático,Esquema FOLFOX,,Ácido folínico,400,mg/m²,EV,D1,14,até progressão/toxicidade,,,,"periodicidade: Adjuvante: a cada 14 dias, 6 a 12 ciclos (3 a 6 meses) Paliativo: a cada 14 dias, até progressão de doença ou toxicidade limitante",102,"SOnHe 2024 — FONTE SECUNDÁRIA, SETOR PRIVADO, REFERÊNCIA A VALIDAR"
Cólon,paliativo/metastático,Esquema FOLFOX,,5-Fluorouracil,400,mg/m²,EV,D1,14,até progressão/toxicidade,,,,"periodicidade: Adjuvante: a cada 14 dias, 6 a 12 ciclos (3 a 6 meses) Paliativo: a cada 14 dias, até progressão de doença ou toxicidade limitante",102,"SOnHe 2024 — FONTE SECUNDÁRIA, SETOR PRIVADO, REFERÊNCIA A VALIDAR"
Cólon,paliativo/metastático,Esquema FOLFOX,,5-Fluorouracil,2.400,mg/m²,EV,D1,14,até progressão/toxicidade,48 h (bomba de infusão),,,"periodicidade: Adjuvante: a cada 14 dias, 6 a 12 ciclos (3 a 6 meses) Paliativo: a cada 14 dias, até progressão de doença ou toxicidade limitante",102,"SOnHe 2024 — FONTE SECUNDÁRIA, SETOR PRIVADO, REFERÊNCIA A VALIDAR"
Cólon,adjuvante,Esquema CapOx,,Oxaliplatina,130,mg/m²,EV,D1,21,4 a 8,,,,"periodicidade: Adjuvante: a cada 21 dias, 4 a 8 ciclos (3 a 6 meses) Paliativo: a cada 21 dias, até progressão de doença ou toxicidade limitante",102,"SOnHe 2024 — FONTE SECUNDÁRIA, SETOR PRIVADO, REFERÊNCIA A VALIDAR"
Cólon,adjuvante,Esquema CapOx,,Capecitabina,1.000,mg/m²,VO,D1 a D14; 12/12h,21,4 a 8,,,,"periodicidade: Adjuvante: a cada 21 dias, 4 a 8 ciclos (3 a 6 meses) Paliativo: a cada 21 dias, até progressão de doença ou toxicidade limitante",102,"SOnHe 2024 — FONTE SECUNDÁRIA, SETOR PRIVADO, REFERÊNCIA A VALIDAR"
Cólon,paliativo/metastático,Esquema CapOx,,Oxaliplatina,130,mg/m²,EV,D1,21,até progressão/toxicidade,,,,"periodicidade: Adjuvante: a cada 21 dias, 4 a 8 ciclos (3 a 6 meses) Paliativo: a cada 21 dias, até progressão de doença ou toxicidade limitante",102,"SOnHe 2024 — FONTE SECUNDÁRIA, SETOR PRIVADO, REFERÊNCIA A VALIDAR"
Cólon,paliativo/metastático,Esquema CapOx,,Capecitabina,1.000,mg/m²,VO,D1 a D14; 12/12h,21,até progressão/toxicidade,,,,"periodicidade: Adjuvante: a cada 21 dias, 4 a 8 ciclos (3 a 6 meses) Paliativo: a cada 21 dias, até progressão de doença ou toxicidade limitante",102,"SOnHe 2024 — FONTE SECUNDÁRIA, SETOR PRIVADO, REFERÊNCIA A VALIDAR"
Cólon,paliativo/metastático,Esquema FOLFIRI,,Irinotecano,180,mg/m²,EV,D1,14,até progressão/toxicidade,,,,"periodicidade: A cada 14 dias, até progressão de doença ou toxicidade limitante",103,"SOnHe 2024 — FONTE SECUNDÁRIA, SETOR PRIVADO, REFERÊNCIA A VALIDAR"
Cólon,paliativo/metastático,Esquema FOLFIRI,,Ácido folínico,400,mg/m²,EV,D1,14,até progressão/toxicidade,,,,"periodicidade: A cada 14 dias, até progressão de doença ou toxicidade limitante",103,"SOnHe 2024 — FONTE SECUNDÁRIA, SETOR PRIVADO, REFERÊNCIA A VALIDAR"
Cólon,paliativo/metastático,Esquema FOLFIRI,,5-Fluorouracil,400,mg/m²,EV,D1,14,até progressão/toxicidade,,,,"periodicidade: A cada 14 dias, até progressão de doença ou toxicidade limitante",103,"SOnHe 2024 — FONTE SECUNDÁRIA, SETOR PRIVADO, REFERÊNCIA A VALIDAR"
Cólon,paliativo/metastático,Esquema FOLFIRI,,5-Fluorouracil,2.400,mg/m²,EV,D1,14,até progressão/toxicidade,48 h (bomba de infusão),,,"periodicidade: A cada 14 dias, até progressão de doença ou toxicidade limitante",103,"SOnHe 2024 — FONTE SECUNDÁRIA, SETOR PRIVADO, REFERÊNCIA A VALIDAR"
Cólon,paliativo/metastático,Esquema FOLFOXIRI,,Irinotecano,165,mg/m²,EV,D1,14,até progressão/toxicidade,,,,"periodicidade: A cada 14 dias, até progressão de doença ou toxicidade limitante",103,"SOnHe 2024 — FONTE SECUNDÁRIA, SETOR PRIVADO, REFERÊNCIA A VALIDAR"
Cólon,paliativo/metastático,Esquema FOLFOXIRI,,Oxaliplatina,85,mg/m²,EV,D1,14,até progressão/toxicidade,,,,"periodicidade: A cada 14 dias, até progressão de doença ou toxicidade limitante",103,"SOnHe 2024 — FONTE SECUNDÁRIA, SETOR PRIVADO, REFERÊNCIA A VALIDAR"
Cólon,paliativo/metastático,Esquema FOLFOXIRI,,Ácido folínico,400,mg/m²,EV,D1,14,até progressão/toxicidade,,,,"periodicidade: A cada 14 dias, até progressão de doença ou toxicidade limitante",103,"SOnHe 2024 — FONTE SECUNDÁRIA, SETOR PRIVADO, REFERÊNCIA A VALIDAR"
Cólon,paliativo/metastático,Esquema FOLFOXIRI,,5-Fluorouracil,3.200,mg/m²,EV,D1,14,até progressão/toxicidade,48 h (bomba de infusão),,,"periodicidade: A cada 14 dias, até progressão de doença ou toxicidade limitante",103,"SOnHe 2024 — FONTE SECUNDÁRIA, SETOR PRIVADO, REFERÊNCIA A VALIDAR"
Cólon,paliativo/metastático,Cetuximabe (isolado ou em combinação),,Cetuximabe,500,mg/m²,EV,D1,14,até progressão/toxicidade,,,,"periodicidade: A cada 14 dias, até progressão de doença ou toxicidade limitante",103,"SOnHe 2024 — FONTE SECUNDÁRIA, SETOR PRIVADO, REFERÊNCIA A VALIDAR"
Cólon,paliativo/metastático,Cetuximabe + Irinotecano,,Cetuximabe,500,mg/m²,EV,D1,14,até progressão/toxicidade,,,,"periodicidade: A cada 14 dias, até progressão de doença ou toxicidade limitante",104,"SOnHe 2024 — FONTE SECUNDÁRIA, SETOR PRIVADO, REFERÊNCIA A VALIDAR"
Cólon,paliativo/metastático,Cetuximabe + Irinotecano,,Irinotecano,180,mg/m²,EV,D1,14,até progressão/toxicidade,,,,"periodicidade: A cada 14 dias, até progressão de doença ou toxicidade limitante",104,"SOnHe 2024 — FONTE SECUNDÁRIA, SETOR PRIVADO, REFERÊNCIA A VALIDAR"
Cólon,paliativo/metastático,Panitumumabe (isolado ou em combinação),,Panitumumabe,6,mg/kg,EV,D1,14,até progressão/toxicidade,,,,"periodicidade: A cada 14 dias, até progressão de doença ou toxicidade limitante",104,"SOnHe 2024 — FONTE SECUNDÁRIA, SETOR PRIVADO, REFERÊNCIA A VALIDAR"
Cólon,paliativo/metastático,Bevacizumabe (isolado ou em combinação),,Bevacizumabe,5,mg/kg,EV,D1,14,até progressão/toxicidade,,,,"periodicidade: A cada 14 dias, até progressão de doença ou toxicidade limitante",104,"SOnHe 2024 — FONTE SECUNDÁRIA, SETOR PRIVADO, REFERÊNCIA A VALIDAR"
Cólon,paliativo/metastático,Aflibercepte (combinação com FOLFIRI),,Aflibercepte,4,mg/kg,EV,D1,14,até progressão/toxicidade,,,,"periodicidade: A cada 14 dias, até progressão de doença ou toxicidade limitante",104,"SOnHe 2024 — FONTE SECUNDÁRIA, SETOR PRIVADO, REFERÊNCIA A VALIDAR"
Cólon,paliativo/metastático,CapOx + Bevacizumabe,,Oxaliplatina,130,mg/m²,EV,D1,21,até progressão/toxicidade,,,,"periodicidade: A cada 21 dias, até progressão de doença ou toxicidade limitante",105,"SOnHe 2024 — FONTE SECUNDÁRIA, SETOR PRIVADO, REFERÊNCIA A VALIDAR"
Cólon,paliativo/metastático,CapOx + Bevacizumabe,,Capecitabina,1.000,mg/m²,VO,D1 a D14; 12/12h,21,até progressão/toxicidade,,,,"periodicidade: A cada 21 dias, até progressão de doença ou toxicidade limitante",105,"SOnHe 2024 — FONTE SECUNDÁRIA, SETOR PRIVADO, REFERÊNCIA A VALIDAR"
Cólon,paliativo/metastático,CapOx + Bevacizumabe,,Bevacizumabe,"7,5",mg/kg,EV,D1,21,até progressão/toxicidade,,,,"periodicidade: A cada 21 dias, até progressão de doença ou toxicidade limitante",105,"SOnHe 2024 — FONTE SECUNDÁRIA, SETOR PRIVADO, REFERÊNCIA A VALIDAR"
Cólon,paliativo/metastático,Esquema AVEX,AVEX,Capecitabina,1.000,mg/m²,VO,D1 a D14; 12/12h,21,até progressão/toxicidade,,,,"periodicidade: A cada 21 dias, até progressão de doença ou toxicidade limitante",105,"SOnHe 2024 — FONTE SECUNDÁRIA, SETOR PRIVADO, REFERÊNCIA A VALIDAR"
Cólon,paliativo/metastático,Esquema AVEX,AVEX,Bevacizumabe,"7,5",mg/kg,EV,D1,21,até progressão/toxicidade,,,,"periodicidade: A cada 21 dias, até progressão de doença ou toxicidade limitante",105,"SOnHe 2024 — FONTE SECUNDÁRIA, SETOR PRIVADO, REFERÊNCIA A VALIDAR"
Cólon,paliativo/metastático,5FU/LV + Panitumumabe,,Panitumumabe,6,mg/kg,EV,D1,14,até progressão/toxicidade,,,,"periodicidade: A cada 14 dias, até progressão de doença ou toxicidade limitante",105,"SOnHe 2024 — FONTE SECUNDÁRIA, SETOR PRIVADO, REFERÊNCIA A VALIDAR"
Cólon,paliativo/metastático,5FU/LV + Panitumumabe,,Ácido folínico,400,mg/m²,EV,D1,14,até progressão/toxicidade,,,,"periodicidade: A cada 14 dias, até progressão de doença ou toxicidade limitante",105,"SOnHe 2024 — FONTE SECUNDÁRIA, SETOR PRIVADO, REFERÊNCIA A VALIDAR"
Cólon,paliativo/metastático,5FU/LV + Panitumumabe,,5-Fluorouracil,2.400,mg/m²,EV,D1,14,até progressão/toxicidade,48 h (bomba de infusão),,,"periodicidade: A cada 14 dias, até progressão de doença ou toxicidade limitante",105,"SOnHe 2024 — FONTE SECUNDÁRIA, SETOR PRIVADO, REFERÊNCIA A VALIDAR"
Cólon,paliativo/metastático,Regorafenibe,,Regorafenibe,160 mg,fixa,VO,1x/dia,contínuo,até progressão/toxicidade,,,,"80 mg na semana 1 e 120 mg na semana 2 se boa tolerância | periodicidade: Continuamente, até progressão de doença ou toxicidade limitante",106,"SOnHe 2024 — FONTE SECUNDÁRIA, SETOR PRIVADO, REFERÊNCIA A VALIDAR"
Cólon,paliativo/metastático,Trifluridina/Tipiracila,,Trifluridina/Tipiracila,35,mg/m²,VO,D1 a D5 e D8 a D12; 12/12h,28,até progressão/toxicidade,,,,"periodicidade: A cada 28 dias, até progressão de doença ou toxicidade limitante",106,"SOnHe 2024 — FONTE SECUNDÁRIA, SETOR PRIVADO, REFERÊNCIA A VALIDAR"
Cólon,paliativo/metastático,Trifluridina/Tipiracila,,Trifluridina/Tipiracila,35,mg/m²,VO,D1 a D5 e D8 a D12; 12/12h,28,até progressão/toxicidade,,,,"Título repetido no manual (""Trifluridina/Tipiracila""); este bloco inclui Bevacizumabe | periodicidade: A cada 28 dias, até progressão de doença ou toxicidade limitante",106,"SOnHe 2024 — FONTE SECUNDÁRIA, SETOR PRIVADO, REFERÊNCIA A VALIDAR"
Cólon,paliativo/metastático,Trifluridina/Tipiracila,,Bevacizumabe,5,mg/kg,EV,D1 e D15,28,até progressão/toxicidade,,,,"Título repetido no manual (""Trifluridina/Tipiracila""); este bloco inclui Bevacizumabe | periodicidade: A cada 28 dias, até progressão de doença ou toxicidade limitante",106,"SOnHe 2024 — FONTE SECUNDÁRIA, SETOR PRIVADO, REFERÊNCIA A VALIDAR"
Cólon,,Pembrolizumabe,,Pembrolizumabe,200 mg,fixa,EV,D1,21,2 anos,,,,"periodicidade: A cada 21 dias, por 2 anos",107,"SOnHe 2024 — FONTE SECUNDÁRIA, SETOR PRIVADO, REFERÊNCIA A VALIDAR"
Cólon,paliativo/metastático,Encorafenibe + Cetuximabe,,Encorafenibe,300 mg,fixa,VO,1x/dia,14,até progressão/toxicidade,,,,"periodicidade: A cada 14 dias, até progressão de doença ou toxicidade",107,"SOnHe 2024 — FONTE SECUNDÁRIA, SETOR PRIVADO, REFERÊNCIA A VALIDAR"
Cólon,paliativo/metastático,Encorafenibe + Cetuximabe,,Cetuximabe,500 mg,fixa,EV,D1,14,até progressão/toxicidade,,,,"periodicidade: A cada 14 dias, até progressão de doença ou toxicidade",107,"SOnHe 2024 — FONTE SECUNDÁRIA, SETOR PRIVADO, REFERÊNCIA A VALIDAR"
Reto,concomitante à RT,5FU/LV (+ RT),,Ácido folínico,20,mg/m²,EV,D1 a D5,28,2,,,,"periodicidade: A cada 28 dias, 2 ciclos (nas semanas 1 e 5 da RT)",112,"SOnHe 2024 — FONTE SECUNDÁRIA, SETOR PRIVADO, REFERÊNCIA A VALIDAR"
Reto,concomitante à RT,5FU/LV (+ RT),,5-Fluorouracil,350,mg/m²,EV,D1 a D5,28,2,,,,"periodicidade: A cada 28 dias, 2 ciclos (nas semanas 1 e 5 da RT)",112,"SOnHe 2024 — FONTE SECUNDÁRIA, SETOR PRIVADO, REFERÊNCIA A VALIDAR"
Reto,concomitante à RT,Capecitabina (+ RT),,Capecitabina,825,mg/m²,VO,"12/12h; 5 dias por semana, durante a RT",,,,,,,112,"SOnHe 2024 — FONTE SECUNDÁRIA, SETOR PRIVADO, REFERÊNCIA A VALIDAR"
Reto,adjuvante,Capecitabina adjuvante,,Capecitabina,1.000,mg/m²,VO,D1 a D14; 12/12h,21,6 a 8,,,,"periodicidade: A cada 21 dias, 6 a 8 ciclos (4 a 6 meses)",112,"SOnHe 2024 — FONTE SECUNDÁRIA, SETOR PRIVADO, REFERÊNCIA A VALIDAR"
Reto,adjuvante,5FU/LV adjuvante,,Ácido folínico,500,mg/m²,EV,D1/D8/D15/D22/D29/D36,56,3,,,,"periodicidade: A cada 56 dias (8 semanas), 3 ciclos",112,"SOnHe 2024 — FONTE SECUNDÁRIA, SETOR PRIVADO, REFERÊNCIA A VALIDAR"
Reto,adjuvante,5FU/LV adjuvante,,5-Fluorouracil,500,mg/m²,EV,D1/D8/D15/D22/D29/D36,56,3,,,,"periodicidade: A cada 56 dias (8 semanas), 3 ciclos",112,"SOnHe 2024 — FONTE SECUNDÁRIA, SETOR PRIVADO, REFERÊNCIA A VALIDAR"
Reto,,Esquema FOLFOX,,Oxaliplatina,85,mg/m²,EV,D1,14,8 a 12,,,,"periodicidade: A cada 14 dias, 8 a 12 ciclos (4 a 6 meses)",113,"SOnHe 2024 — FONTE SECUNDÁRIA, SETOR PRIVADO, REFERÊNCIA A VALIDAR"
Reto,,Esquema FOLFOX,,Ácido folínico,400,mg/m²,EV,D1,14,8 a 12,,,,"periodicidade: A cada 14 dias, 8 a 12 ciclos (4 a 6 meses)",113,"SOnHe 2024 — FONTE SECUNDÁRIA, SETOR PRIVADO, REFERÊNCIA A VALIDAR"
Reto,,Esquema FOLFOX,,5-Fluorouracil,400,mg/m²,EV,D1,14,8 a 12,,,,"periodicidade: A cada 14 dias, 8 a 12 ciclos (4 a 6 meses)",113,"SOnHe 2024 — FONTE SECUNDÁRIA, SETOR PRIVADO, REFERÊNCIA A VALIDAR"
Reto,,Esquema FOLFOX,,5-Fluorouracil,2.400,mg/m²,EV,D1,14,8 a 12,48 h (bomba de infusão),,,"periodicidade: A cada 14 dias, 8 a 12 ciclos (4 a 6 meses)",113,"SOnHe 2024 — FONTE SECUNDÁRIA, SETOR PRIVADO, REFERÊNCIA A VALIDAR"
Reto,,Esquema CapOx,,Oxaliplatina,130,mg/m²,EV,D1,21,6 a 8,,,,"periodicidade: A cada 21 dias, 6 a 8 ciclos (4 a 6 meses)",113,"SOnHe 2024 — FONTE SECUNDÁRIA, SETOR PRIVADO, REFERÊNCIA A VALIDAR"
Reto,,Esquema CapOx,,Capecitabina,1.000,mg/m²,VO,D1 a D14; 12/12h,21,6 a 8,,,,"periodicidade: A cada 21 dias, 6 a 8 ciclos (4 a 6 meses)",113,"SOnHe 2024 — FONTE SECUNDÁRIA, SETOR PRIVADO, REFERÊNCIA A VALIDAR"
Reto,neoadjuvante,Esquema PROSPECT,PROSPECT,FOLFOX (esquema),,,,,,6,,,,1ª etapa: FOLFOX 6 ciclos; 2ª etapa: resposta ≥ 20% → cirurgia + QT adjuvante FOLFOX; resposta < 20% → RT + QT e cirurgia,113,"SOnHe 2024 — FONTE SECUNDÁRIA, SETOR PRIVADO, REFERÊNCIA A VALIDAR"
Reto,neoadjuvante (TNT),Esquema TNT (Total neoadjuvant treatment),,Capecitabina,825,mg/m²,VO,"12/12h; 5 dias por semana, durante a RT",dias de RT,,,,,1ª etapa: RT longa duração + capecitabina,114,"SOnHe 2024 — FONTE SECUNDÁRIA, SETOR PRIVADO, REFERÊNCIA A VALIDAR"
Reto,neoadjuvante (TNT),Esquema TNT (Total neoadjuvant treatment),,CapOx ou FOLFOX (esquema),,,,,,CapOx 4 ciclos (preferencial) ou FOLFOX 6 ciclos (alternativa),,,,2ª etapa; 3ª etapa: cirurgia do reto,114,"SOnHe 2024 — FONTE SECUNDÁRIA, SETOR PRIVADO, REFERÊNCIA A VALIDAR"
Esôfago,concomitante à RT,Esquema CROSS,CROSS,Carboplatina,2,AUC,EV,D1,7,,,,,"periodicidade: Semanalmente, durante a RT, com cirurgia 6 a 8 semanas após",119,"SOnHe 2024 — FONTE SECUNDÁRIA, SETOR PRIVADO, REFERÊNCIA A VALIDAR"
Esôfago,concomitante à RT,Esquema CROSS,CROSS,Paclitaxel,50,mg/m²,EV,D1,7,,,,,"periodicidade: Semanalmente, durante a RT, com cirurgia 6 a 8 semanas após",119,"SOnHe 2024 — FONTE SECUNDÁRIA, SETOR PRIVADO, REFERÊNCIA A VALIDAR"
Esôfago,adjuvante,Nivolumabe adjuvante (Fase 1),,Nivolumabe,240 mg,fixa,EV,D1,14,8,,,,"periodicidade: A cada 14 dias, 8 ciclos (16 semanas)",119,"SOnHe 2024 — FONTE SECUNDÁRIA, SETOR PRIVADO, REFERÊNCIA A VALIDAR"
Esôfago,adjuvante,Nivolumabe adjuvante (Fase 2),,Nivolumabe,480 mg,fixa,EV,D1,28,1 ano,,,,"periodicidade: A cada 28 dias, por 1 ano",119,"SOnHe 2024 — FONTE SECUNDÁRIA, SETOR PRIVADO, REFERÊNCIA A VALIDAR"
Esôfago,,CDDP + 5FU + Pembrolizumabe,,Pembrolizumabe,200 mg,fixa,EV,D1,21,6,,,,"periodicidade: A cada 21 dias, 6 ciclos; após, manter Pembrolizumabe + 5FU por 2 anos",120,"SOnHe 2024 — FONTE SECUNDÁRIA, SETOR PRIVADO, REFERÊNCIA A VALIDAR"
Esôfago,,CDDP + 5FU + Pembrolizumabe,,Cisplatina,80,mg/m²,EV,D1,21,6,,,,"periodicidade: A cada 21 dias, 6 ciclos; após, manter Pembrolizumabe + 5FU por 2 anos",120,"SOnHe 2024 — FONTE SECUNDÁRIA, SETOR PRIVADO, REFERÊNCIA A VALIDAR"
Esôfago,,CDDP + 5FU + Pembrolizumabe,,5-Fluorouracil,4.000,mg/m²,EV,D1,21,6,96 h (bomba de infusão),,,"periodicidade: A cada 21 dias, 6 ciclos; após, manter Pembrolizumabe + 5FU por 2 anos",120,"SOnHe 2024 — FONTE SECUNDÁRIA, SETOR PRIVADO, REFERÊNCIA A VALIDAR"
Esôfago,paliativo/metastático,CDDP + 5FU,,Cisplatina,75,mg/m²,EV,D1,28,até progressão/toxicidade,,,,"periodicidade: A cada 28 dias, até progressão de doença ou toxicidade limitante",120,"SOnHe 2024 — FONTE SECUNDÁRIA, SETOR PRIVADO, REFERÊNCIA A VALIDAR"
Esôfago,paliativo/metastático,CDDP + 5FU,,5-Fluorouracil,4.000,mg/m²,EV,D1,28,até progressão/toxicidade,96 h (bomba de infusão),,,"periodicidade: A cada 28 dias, até progressão de doença ou toxicidade limitante",120,"SOnHe 2024 — FONTE SECUNDÁRIA, SETOR PRIVADO, REFERÊNCIA A VALIDAR"
Esôfago,paliativo/metastático,CDDP + Irinotecano,,Cisplatina,30,mg/m²,EV,D1/D8,21,até progressão/toxicidade,,,,"periodicidade: A cada 21 dias, até progressão de doença ou toxicidade limitante",120,"SOnHe 2024 — FONTE SECUNDÁRIA, SETOR PRIVADO, REFERÊNCIA A VALIDAR"
Esôfago,paliativo/metastático,CDDP + Irinotecano,,Irinotecano,65,mg/m²,EV,D1/D8,21,até progressão/toxicidade,,,,"periodicidade: A cada 21 dias, até progressão de doença ou toxicidade limitante",120,"SOnHe 2024 — FONTE SECUNDÁRIA, SETOR PRIVADO, REFERÊNCIA A VALIDAR"
Esôfago,paliativo/metastático,Ipilimumabe + Nivolumabe,,Nivolumabe,3,mg/kg,EV,D1/D15/D29,42,até progressão/toxicidade,,,,"periodicidade: A cada 42 dias, até progressão de doença ou toxicidade inaceitável (até 2 anos)",121,"SOnHe 2024 — FONTE SECUNDÁRIA, SETOR PRIVADO, REFERÊNCIA A VALIDAR"
Esôfago,paliativo/metastático,Ipilimumabe + Nivolumabe,,Ipilimumabe,1,mg/kg,EV,D1,42,até progressão/toxicidade,,,,"periodicidade: A cada 42 dias, até progressão de doença ou toxicidade inaceitável (até 2 anos)",121,"SOnHe 2024 — FONTE SECUNDÁRIA, SETOR PRIVADO, REFERÊNCIA A VALIDAR"
Esôfago,paliativo/metastático,Paclitaxel monoterapia,,Paclitaxel,80,mg/m²,EV,D1,7,até progressão/toxicidade,,,,"periodicidade: Semanalmente, até progressão de doença ou toxicidade limitante",121,"SOnHe 2024 — FONTE SECUNDÁRIA, SETOR PRIVADO, REFERÊNCIA A VALIDAR"
Esôfago,paliativo/metastático,Pembrolizumabe monoterapia,,Pembrolizumabe,200 mg,fixa,EV,D1,21,até progressão/toxicidade,,,,"periodicidade: A cada 21 dias, até progressão de doença ou toxicidade limitante",121,"SOnHe 2024 — FONTE SECUNDÁRIA, SETOR PRIVADO, REFERÊNCIA A VALIDAR"
Esôfago,paliativo/metastático,Nivolumabe monoterapia,,Nivolumabe,240 mg,fixa,EV,D1,14,até progressão/toxicidade,,,,"periodicidade: A cada 14 dias, até progressão de doença ou toxicidade limitante",122,"SOnHe 2024 — FONTE SECUNDÁRIA, SETOR PRIVADO, REFERÊNCIA A VALIDAR"
Estômago,perioperatório,Esquema FLOT,FLOT,Docetaxel,50,mg/m²,EV,D1,14,4,,,,"5-FU em bomba de 24 h (não 46/48 h) neste capítulo — validar | periodicidade: Peri-operatório: a cada 14 dias, 4 ciclos antes e 4 ciclos após a cirurgia Paliativo: a cada 14 dias, até progressão de doença ou toxicidade limitante",128,"SOnHe 2024 — FONTE SECUNDÁRIA, SETOR PRIVADO, REFERÊNCIA A VALIDAR"
Estômago,perioperatório,Esquema FLOT,FLOT,Oxaliplatina,85,mg/m²,EV,D1,14,4,,,,"5-FU em bomba de 24 h (não 46/48 h) neste capítulo — validar | periodicidade: Peri-operatório: a cada 14 dias, 4 ciclos antes e 4 ciclos após a cirurgia Paliativo: a cada 14 dias, até progressão de doença ou toxicidade limitante",128,"SOnHe 2024 — FONTE SECUNDÁRIA, SETOR PRIVADO, REFERÊNCIA A VALIDAR"
Estômago,perioperatório,Esquema FLOT,FLOT,Ácido folínico,200,mg/m²,EV,D1,14,4,,,,"5-FU em bomba de 24 h (não 46/48 h) neste capítulo — validar | periodicidade: Peri-operatório: a cada 14 dias, 4 ciclos antes e 4 ciclos após a cirurgia Paliativo: a cada 14 dias, até progressão de doença ou toxicidade limitante",128,"SOnHe 2024 — FONTE SECUNDÁRIA, SETOR PRIVADO, REFERÊNCIA A VALIDAR"
Estômago,perioperatório,Esquema FLOT,FLOT,5-Fluorouracil,2.600,mg/m²,EV,D1,14,4,24 h (bomba de infusão),,,"5-FU em bomba de 24 h (não 46/48 h) neste capítulo — validar | periodicidade: Peri-operatório: a cada 14 dias, 4 ciclos antes e 4 ciclos após a cirurgia Paliativo: a cada 14 dias, até progressão de doença ou toxicidade limitante",128,"SOnHe 2024 — FONTE SECUNDÁRIA, SETOR PRIVADO, REFERÊNCIA A VALIDAR"
Estômago,paliativo/metastático,Esquema FLOT,FLOT,Docetaxel,50,mg/m²,EV,D1,14,até progressão/toxicidade,,,,"5-FU em bomba de 24 h (não 46/48 h) neste capítulo — validar | periodicidade: Peri-operatório: a cada 14 dias, 4 ciclos antes e 4 ciclos após a cirurgia Paliativo: a cada 14 dias, até progressão de doença ou toxicidade limitante",128,"SOnHe 2024 — FONTE SECUNDÁRIA, SETOR PRIVADO, REFERÊNCIA A VALIDAR"
Estômago,paliativo/metastático,Esquema FLOT,FLOT,Oxaliplatina,85,mg/m²,EV,D1,14,até progressão/toxicidade,,,,"5-FU em bomba de 24 h (não 46/48 h) neste capítulo — validar | periodicidade: Peri-operatório: a cada 14 dias, 4 ciclos antes e 4 ciclos após a cirurgia Paliativo: a cada 14 dias, até progressão de doença ou toxicidade limitante",128,"SOnHe 2024 — FONTE SECUNDÁRIA, SETOR PRIVADO, REFERÊNCIA A VALIDAR"
Estômago,paliativo/metastático,Esquema FLOT,FLOT,Ácido folínico,200,mg/m²,EV,D1,14,até progressão/toxicidade,,,,"5-FU em bomba de 24 h (não 46/48 h) neste capítulo — validar | periodicidade: Peri-operatório: a cada 14 dias, 4 ciclos antes e 4 ciclos após a cirurgia Paliativo: a cada 14 dias, até progressão de doença ou toxicidade limitante",128,"SOnHe 2024 — FONTE SECUNDÁRIA, SETOR PRIVADO, REFERÊNCIA A VALIDAR"
Estômago,paliativo/metastático,Esquema FLOT,FLOT,5-Fluorouracil,2.600,mg/m²,EV,D1,14,até progressão/toxicidade,24 h (bomba de infusão),,,"5-FU em bomba de 24 h (não 46/48 h) neste capítulo — validar | periodicidade: Peri-operatório: a cada 14 dias, 4 ciclos antes e 4 ciclos após a cirurgia Paliativo: a cada 14 dias, até progressão de doença ou toxicidade limitante",128,"SOnHe 2024 — FONTE SECUNDÁRIA, SETOR PRIVADO, REFERÊNCIA A VALIDAR"
Estômago,concomitante à RT,Esquema MacDonald (QT + RT),MacDonald,Ácido folínico,20,mg/m²,EV,D1 a D5,28,5,,,,"Ciclos 1, 4 e 5 | periodicidade: A cada 28 dias, 5 ciclos",129,"SOnHe 2024 — FONTE SECUNDÁRIA, SETOR PRIVADO, REFERÊNCIA A VALIDAR"
Estômago,concomitante à RT,Esquema MacDonald (QT + RT),MacDonald,5-Fluorouracil,425,mg/m²,EV,D1 a D5,28,5,,,,"Ciclos 1, 4 e 5 | periodicidade: A cada 28 dias, 5 ciclos",129,"SOnHe 2024 — FONTE SECUNDÁRIA, SETOR PRIVADO, REFERÊNCIA A VALIDAR"
Estômago,concomitante à RT,Esquema MacDonald (QT + RT),MacDonald,Ácido folínico,20,mg/m²,EV,D1 a D4,28,5,,,,"Ciclo 2 (início da RT) | periodicidade: A cada 28 dias, 5 ciclos",129,"SOnHe 2024 — FONTE SECUNDÁRIA, SETOR PRIVADO, REFERÊNCIA A VALIDAR"
Estômago,concomitante à RT,Esquema MacDonald (QT + RT),MacDonald,5-Fluorouracil,400,mg/m²,EV,D1 a D4,28,5,,,,"Ciclo 2 (início da RT) | periodicidade: A cada 28 dias, 5 ciclos",129,"SOnHe 2024 — FONTE SECUNDÁRIA, SETOR PRIVADO, REFERÊNCIA A VALIDAR"
Estômago,concomitante à RT,Esquema MacDonald (QT + RT),MacDonald,Ácido folínico,20,mg/m²,EV,D1 a D3,28,5,,,,"Ciclo 3 (segue a RT) | periodicidade: A cada 28 dias, 5 ciclos",129,"SOnHe 2024 — FONTE SECUNDÁRIA, SETOR PRIVADO, REFERÊNCIA A VALIDAR"
Estômago,concomitante à RT,Esquema MacDonald (QT + RT),MacDonald,5-Fluorouracil,400,mg/m²,EV,D1 a D3,28,5,,,,"Ciclo 3 (segue a RT) | periodicidade: A cada 28 dias, 5 ciclos",129,"SOnHe 2024 — FONTE SECUNDÁRIA, SETOR PRIVADO, REFERÊNCIA A VALIDAR"
Estômago,adjuvante,Esquema CapOx,,Capecitabina,1.000,mg/m²,VO,D1 a D14; 12/12h,21,8,,,,"periodicidade: Adjuvante: a cada 21 dias, 8 ciclos Paliativo: a cada 21 dias, até progressão de doença ou toxicidade limitante",129,"SOnHe 2024 — FONTE SECUNDÁRIA, SETOR PRIVADO, REFERÊNCIA A VALIDAR"
Estômago,adjuvante,Esquema CapOx,,Oxaliplatina,130,mg/m²,EV,D1,21,8,,,,"periodicidade: Adjuvante: a cada 21 dias, 8 ciclos Paliativo: a cada 21 dias, até progressão de doença ou toxicidade limitante",129,"SOnHe 2024 — FONTE SECUNDÁRIA, SETOR PRIVADO, REFERÊNCIA A VALIDAR"
Estômago,paliativo/metastático,Esquema CapOx,,Capecitabina,1.000,mg/m²,VO,D1 a D14; 12/12h,21,até progressão/toxicidade,,,,"periodicidade: Adjuvante: a cada 21 dias, 8 ciclos Paliativo: a cada 21 dias, até progressão de doença ou toxicidade limitante",129,"SOnHe 2024 — FONTE SECUNDÁRIA, SETOR PRIVADO, REFERÊNCIA A VALIDAR"
Estômago,paliativo/metastático,Esquema CapOx,,Oxaliplatina,130,mg/m²,EV,D1,21,até progressão/toxicidade,,,,"periodicidade: Adjuvante: a cada 21 dias, 8 ciclos Paliativo: a cada 21 dias, até progressão de doença ou toxicidade limitante",129,"SOnHe 2024 — FONTE SECUNDÁRIA, SETOR PRIVADO, REFERÊNCIA A VALIDAR"
Estômago,paliativo/metastático,Esquema CapOx,,Nivolumabe,360 mg,fixa,EV,D1,21,até progressão/toxicidade,,,,"Título no manual é ""Esquema CapOx"", mas o bloco inclui Nivolumabe (CapOx + Nivolumabe) | periodicidade: A cada 21 dias, até progressão de doença ou toxicidade limitante",130,"SOnHe 2024 — FONTE SECUNDÁRIA, SETOR PRIVADO, REFERÊNCIA A VALIDAR"
Estômago,paliativo/metastático,Esquema CapOx,,Capecitabina,1.000,mg/m²,VO,D1 a D14; 12/12h,21,até progressão/toxicidade,,,,"Título no manual é ""Esquema CapOx"", mas o bloco inclui Nivolumabe (CapOx + Nivolumabe) | periodicidade: A cada 21 dias, até progressão de doença ou toxicidade limitante",130,"SOnHe 2024 — FONTE SECUNDÁRIA, SETOR PRIVADO, REFERÊNCIA A VALIDAR"
Estômago,paliativo/metastático,Esquema CapOx,,Oxaliplatina,130,mg/m²,EV,D1,21,até progressão/toxicidade,,,,"Título no manual é ""Esquema CapOx"", mas o bloco inclui Nivolumabe (CapOx + Nivolumabe) | periodicidade: A cada 21 dias, até progressão de doença ou toxicidade limitante",130,"SOnHe 2024 — FONTE SECUNDÁRIA, SETOR PRIVADO, REFERÊNCIA A VALIDAR"
Estômago,paliativo/metastático,Esquema FOLFOX + Nivolumabe,,Nivolumabe,240 mg,fixa,EV,D1,14,até progressão/toxicidade,,,,"periodicidade: A cada 14 dias, até progressão de doença ou toxicidade limitante",130,"SOnHe 2024 — FONTE SECUNDÁRIA, SETOR PRIVADO, REFERÊNCIA A VALIDAR"
Estômago,paliativo/metastático,Esquema FOLFOX + Nivolumabe,,Oxaliplatina,85,mg/m²,EV,D1,14,até progressão/toxicidade,,,,"periodicidade: A cada 14 dias, até progressão de doença ou toxicidade limitante",130,"SOnHe 2024 — FONTE SECUNDÁRIA, SETOR PRIVADO, REFERÊNCIA A VALIDAR"
Estômago,paliativo/metastático,Esquema FOLFOX + Nivolumabe,,Ácido folínico,400,mg/m²,EV,D1,14,até progressão/toxicidade,,,,"periodicidade: A cada 14 dias, até progressão de doença ou toxicidade limitante",130,"SOnHe 2024 — FONTE SECUNDÁRIA, SETOR PRIVADO, REFERÊNCIA A VALIDAR"
Estômago,paliativo/metastático,Esquema FOLFOX + Nivolumabe,,5-Fluorouracil,400,mg/m²,EV,D1,14,até progressão/toxicidade,bolus,,,"periodicidade: A cada 14 dias, até progressão de doença ou toxicidade limitante",130,"SOnHe 2024 — FONTE SECUNDÁRIA, SETOR PRIVADO, REFERÊNCIA A VALIDAR"
Estômago,paliativo/metastático,Esquema FOLFOX + Nivolumabe,,5-Fluorouracil,2.400,mg/m²,EV,D1,14,até progressão/toxicidade,46 h (bomba de infusão),,,"periodicidade: A cada 14 dias, até progressão de doença ou toxicidade limitante",130,"SOnHe 2024 — FONTE SECUNDÁRIA, SETOR PRIVADO, REFERÊNCIA A VALIDAR"
Estômago,paliativo/metastático,Esquema FOLFOX,,Oxaliplatina,85,mg/m²,EV,D1,14,até progressão/toxicidade,,,,"periodicidade: A cada 14 dias, até progressão de doença ou toxicidade limitante",131,"SOnHe 2024 — FONTE SECUNDÁRIA, SETOR PRIVADO, REFERÊNCIA A VALIDAR"
Estômago,paliativo/metastático,Esquema FOLFOX,,Ácido folínico,400,mg/m²,EV,D1,14,até progressão/toxicidade,,,,"periodicidade: A cada 14 dias, até progressão de doença ou toxicidade limitante",131,"SOnHe 2024 — FONTE SECUNDÁRIA, SETOR PRIVADO, REFERÊNCIA A VALIDAR"
Estômago,paliativo/metastático,Esquema FOLFOX,,5-Fluorouracil,400,mg/m²,EV,D1,14,até progressão/toxicidade,bolus,,,"periodicidade: A cada 14 dias, até progressão de doença ou toxicidade limitante",131,"SOnHe 2024 — FONTE SECUNDÁRIA, SETOR PRIVADO, REFERÊNCIA A VALIDAR"
Estômago,paliativo/metastático,Esquema FOLFOX,,5-Fluorouracil,2.400,mg/m²,EV,D1,14,até progressão/toxicidade,46 h (bomba de infusão),,,"periodicidade: A cada 14 dias, até progressão de doença ou toxicidade limitante",131,"SOnHe 2024 — FONTE SECUNDÁRIA, SETOR PRIVADO, REFERÊNCIA A VALIDAR"
Estômago,paliativo/metastático,Esquema XP,,Capecitabina,1.000,mg/m²,VO,D1 a D14; 12/12h,21,até progressão/toxicidade,,,,"periodicidade: A cada 21 dias, até progressão de doença ou toxicidade limitante",131,"SOnHe 2024 — FONTE SECUNDÁRIA, SETOR PRIVADO, REFERÊNCIA A VALIDAR"
Estômago,paliativo/metastático,Esquema XP,,Cisplatina,80,mg/m²,EV,D1,21,até progressão/toxicidade,,,,"periodicidade: A cada 21 dias, até progressão de doença ou toxicidade limitante",131,"SOnHe 2024 — FONTE SECUNDÁRIA, SETOR PRIVADO, REFERÊNCIA A VALIDAR"
Estômago,paliativo/metastático,Esquema 5FU/CDDP,,5-Fluorouracil,2.400,mg/m²,EV,D1,21,até progressão/toxicidade,96 h (bomba de infusão),,,"periodicidade: A cada 21 dias, até progressão de doença ou toxicidade limitante.",131,"SOnHe 2024 — FONTE SECUNDÁRIA, SETOR PRIVADO, REFERÊNCIA A VALIDAR"
Estômago,paliativo/metastático,Esquema 5FU/CDDP,,Cisplatina,80,mg/m²,EV,D1,21,até progressão/toxicidade,,,,"periodicidade: A cada 21 dias, até progressão de doença ou toxicidade limitante.",131,"SOnHe 2024 — FONTE SECUNDÁRIA, SETOR PRIVADO, REFERÊNCIA A VALIDAR"
Estômago,paliativo/metastático,Esquema mDCF,,Docetaxel,40,mg/m²,EV,D1,14,até progressão/toxicidade,,,,"periodicidade: A cada 14 dias, até progressão de doença ou toxicidade limitante",132,"SOnHe 2024 — FONTE SECUNDÁRIA, SETOR PRIVADO, REFERÊNCIA A VALIDAR"
Estômago,paliativo/metastático,Esquema mDCF,,Cisplatina,40,mg/m²,EV,D3,14,até progressão/toxicidade,,,,"periodicidade: A cada 14 dias, até progressão de doença ou toxicidade limitante",132,"SOnHe 2024 — FONTE SECUNDÁRIA, SETOR PRIVADO, REFERÊNCIA A VALIDAR"
Estômago,paliativo/metastático,Esquema mDCF,,Ácido folínico,400,mg/m²,EV,D1,14,até progressão/toxicidade,,,,"periodicidade: A cada 14 dias, até progressão de doença ou toxicidade limitante",132,"SOnHe 2024 — FONTE SECUNDÁRIA, SETOR PRIVADO, REFERÊNCIA A VALIDAR"
Estômago,paliativo/metastático,Esquema mDCF,,5-Fluorouracil,400,mg/m²,EV,D1,14,até progressão/toxicidade,bolus,,,"periodicidade: A cada 14 dias, até progressão de doença ou toxicidade limitante",132,"SOnHe 2024 — FONTE SECUNDÁRIA, SETOR PRIVADO, REFERÊNCIA A VALIDAR"
Estômago,paliativo/metastático,Esquema mDCF,,5-Fluorouracil,2.000,mg/m²,EV,D1,14,até progressão/toxicidade,48 h (bomba de infusão),,,"periodicidade: A cada 14 dias, até progressão de doença ou toxicidade limitante",132,"SOnHe 2024 — FONTE SECUNDÁRIA, SETOR PRIVADO, REFERÊNCIA A VALIDAR"
Estômago,paliativo/metastático,Esquema FOLFOX + Trastuzumabe + Pembrolizumabe,,Pembrolizumabe,200 mg,fixa,EV,D1,14,até progressão/toxicidade,,,,"periodicidade: A cada 14 dias, até progressão de doença ou toxicidade limitante",132,"SOnHe 2024 — FONTE SECUNDÁRIA, SETOR PRIVADO, REFERÊNCIA A VALIDAR"
Estômago,paliativo/metastático,Esquema FOLFOX + Trastuzumabe + Pembrolizumabe,,Trastuzumabe,6,mg/kg,EV,D1,14,até progressão/toxicidade,,,,"dose de ataque 8 mg/kg | periodicidade: A cada 14 dias, até progressão de doença ou toxicidade limitante",132,"SOnHe 2024 — FONTE SECUNDÁRIA, SETOR PRIVADO, REFERÊNCIA A VALIDAR"
Estômago,paliativo/metastático,Esquema FOLFOX + Trastuzumabe + Pembrolizumabe,,Oxaliplatina,85,mg/m²,EV,D1,14,até progressão/toxicidade,,,,"periodicidade: A cada 14 dias, até progressão de doença ou toxicidade limitante",132,"SOnHe 2024 — FONTE SECUNDÁRIA, SETOR PRIVADO, REFERÊNCIA A VALIDAR"
Estômago,paliativo/metastático,Esquema FOLFOX + Trastuzumabe + Pembrolizumabe,,Ácido folínico,400,mg/m²,EV,D1,14,até progressão/toxicidade,,,,"periodicidade: A cada 14 dias, até progressão de doença ou toxicidade limitante",132,"SOnHe 2024 — FONTE SECUNDÁRIA, SETOR PRIVADO, REFERÊNCIA A VALIDAR"
Estômago,paliativo/metastático,Esquema FOLFOX + Trastuzumabe + Pembrolizumabe,,5-Fluorouracil,400,mg/m²,EV,D1,14,até progressão/toxicidade,bolus,,,"periodicidade: A cada 14 dias, até progressão de doença ou toxicidade limitante",132,"SOnHe 2024 — FONTE SECUNDÁRIA, SETOR PRIVADO, REFERÊNCIA A VALIDAR"
Estômago,paliativo/metastático,Esquema FOLFOX + Trastuzumabe + Pembrolizumabe,,5-Fluorouracil,2.400,mg/m²,EV,D1,14,até progressão/toxicidade,46 h (bomba de infusão),,,"periodicidade: A cada 14 dias, até progressão de doença ou toxicidade limitante",132,"SOnHe 2024 — FONTE SECUNDÁRIA, SETOR PRIVADO, REFERÊNCIA A VALIDAR"
Estômago,paliativo/metastático,Trastuzumabe,,Trastuzumabe,8,mg/kg,EV,D1,21,até progressão/toxicidade,,,,"Dose de ataque | periodicidade: A cada 21 dias, até progressão de doença ou toxicidade limitante",133,"SOnHe 2024 — FONTE SECUNDÁRIA, SETOR PRIVADO, REFERÊNCIA A VALIDAR"
Estômago,paliativo/metastático,Trastuzumabe,,Trastuzumabe,6,mg/kg,EV,D1,21,até progressão/toxicidade,,,,"Manutenção | periodicidade: A cada 21 dias, até progressão de doença ou toxicidade limitante",133,"SOnHe 2024 — FONTE SECUNDÁRIA, SETOR PRIVADO, REFERÊNCIA A VALIDAR"
Estômago,paliativo/metastático,Ramucirumabe + Paclitaxel,,Ramucirumabe,8,mg/kg,EV,D1/D15,28,até progressão/toxicidade,,,,"periodicidade: A cada 28 dias, até progressão de doença ou toxicidade limitante",133,"SOnHe 2024 — FONTE SECUNDÁRIA, SETOR PRIVADO, REFERÊNCIA A VALIDAR"
Estômago,paliativo/metastático,Ramucirumabe + Paclitaxel,,Paclitaxel,80,mg/m²,EV,D1/D8/D15,28,até progressão/toxicidade,,,,"periodicidade: A cada 28 dias, até progressão de doença ou toxicidade limitante",133,"SOnHe 2024 — FONTE SECUNDÁRIA, SETOR PRIVADO, REFERÊNCIA A VALIDAR"
Estômago,paliativo/metastático,Ramucirumabe monoterapia,,Ramucirumabe,8,mg/kg,EV,D1,14,até progressão/toxicidade,,,,"periodicidade: A cada 14 dias, até progressão de doença ou toxicidade limitante",133,"SOnHe 2024 — FONTE SECUNDÁRIA, SETOR PRIVADO, REFERÊNCIA A VALIDAR"
Estômago,paliativo/metastático,Docetaxel monoterapia,,Docetaxel,75,mg/m²,EV,D1,21,até progressão/toxicidade,,,,"periodicidade: A cada 21 dias, até progressão de doença ou toxicidade limitante",134,"SOnHe 2024 — FONTE SECUNDÁRIA, SETOR PRIVADO, REFERÊNCIA A VALIDAR"
Estômago,paliativo/metastático,Irinotecano monoterapia,,Irinotecano,180,mg/m²,EV,D1,14,até progressão/toxicidade,,,,"periodicidade: A cada 14 dias, até progressão de doença ou toxicidade limitante",134,"SOnHe 2024 — FONTE SECUNDÁRIA, SETOR PRIVADO, REFERÊNCIA A VALIDAR"
Estômago,paliativo/metastático,Paclitaxel monoterapia,,Paclitaxel,80,mg/m²,EV,D1/D8/D15,28,até progressão/toxicidade,,,,"periodicidade: A cada 28 dias, até progressão de doença ou toxicidade limitante",134,"SOnHe 2024 — FONTE SECUNDÁRIA, SETOR PRIVADO, REFERÊNCIA A VALIDAR"
Estômago,paliativo/metastático,Pembrolizumabe,,Pembrolizumabe,200 mg,fixa,EV,D1,21,até progressão/toxicidade,,,,"periodicidade: A cada 21 dias, até progressão de doença ou toxicidade limitante",135,"SOnHe 2024 — FONTE SECUNDÁRIA, SETOR PRIVADO, REFERÊNCIA A VALIDAR"
Estômago,paliativo/metastático,Pembrolizumabe (alternativa q42d),,Pembrolizumabe,400 mg,fixa,EV,D1,42,até progressão/toxicidade,,,,"periodicidade: A cada 42 dias, até progressão de doença ou toxicidade limitante",135,"SOnHe 2024 — FONTE SECUNDÁRIA, SETOR PRIVADO, REFERÊNCIA A VALIDAR"
Estômago,paliativo/metastático,Trastuzumabe-deruxtecana,,Trastuzumabe-deruxtecana,"6,4",mg/kg,EV,D1,21,até progressão/toxicidade,,,,"periodicidade: A cada 21 dias, até progressão de doença ou toxicidade limitante",135,"SOnHe 2024 — FONTE SECUNDÁRIA, SETOR PRIVADO, REFERÊNCIA A VALIDAR"
Fígado (CHC),paliativo/metastático,Atezolizumabe + Bevacizumabe,,Atezolizumabe,1.200 mg,fixa,EV,D1,21,até progressão/toxicidade,,,,"periodicidade: A cada 21 dias, até progressão de doença ou toxicidade limitante",142,"SOnHe 2024 — FONTE SECUNDÁRIA, SETOR PRIVADO, REFERÊNCIA A VALIDAR"
Fígado (CHC),paliativo/metastático,Atezolizumabe + Bevacizumabe,,Bevacizumabe,15,mg/kg,EV,D1,21,até progressão/toxicidade,,,,"periodicidade: A cada 21 dias, até progressão de doença ou toxicidade limitante",142,"SOnHe 2024 — FONTE SECUNDÁRIA, SETOR PRIVADO, REFERÊNCIA A VALIDAR"
Fígado (CHC),paliativo/metastático,Durvalumabe + Tremelimumabe,,Tremelimumabe,300 mg,fixa,EV,D1,28,até progressão/toxicidade,,,,"periodicidade: A cada 28 dias, até progressão de doença ou toxicidade limitante",142,"SOnHe 2024 — FONTE SECUNDÁRIA, SETOR PRIVADO, REFERÊNCIA A VALIDAR"
Fígado (CHC),paliativo/metastático,Durvalumabe + Tremelimumabe,,Durvalumabe,1500 mg,fixa,EV,D1,28,até progressão/toxicidade,,,,"periodicidade: A cada 28 dias, até progressão de doença ou toxicidade limitante",142,"SOnHe 2024 — FONTE SECUNDÁRIA, SETOR PRIVADO, REFERÊNCIA A VALIDAR"
Fígado (CHC),paliativo/metastático,Sorafenibe,,Sorafenibe,400 mg,fixa,VO,12/12h,contínuo,até progressão/toxicidade,,,,"periodicidade: Continuamente, até progressão de doença ou toxicidade limitante",143,"SOnHe 2024 — FONTE SECUNDÁRIA, SETOR PRIVADO, REFERÊNCIA A VALIDAR"
Fígado (CHC),paliativo/metastático,Ramucirumabe,,Ramucirumabe,8,mg/kg,EV,D1,14,até progressão/toxicidade,,,,"periodicidade: A cada 14 dias, até progressão de doença ou toxicidade limitante",143,"SOnHe 2024 — FONTE SECUNDÁRIA, SETOR PRIVADO, REFERÊNCIA A VALIDAR"
Fígado (CHC),paliativo/metastático,Lenvatinibe,,Lenvatinibe,24 mg,fixa,VO,1x/dia,contínuo,até progressão/toxicidade,,,,"periodicidade: Continuamente, até progressão de doença ou toxicidade limitante",143,"SOnHe 2024 — FONTE SECUNDÁRIA, SETOR PRIVADO, REFERÊNCIA A VALIDAR"
Fígado (CHC),paliativo/metastático,Regorafenibe,,Regorafenibe,160 mg,fixa,VO,D1 a D21,28,até progressão/toxicidade,,,,"periodicidade: A cada 28 dias, até progressão de doença ou toxicidade limitante",143,"SOnHe 2024 — FONTE SECUNDÁRIA, SETOR PRIVADO, REFERÊNCIA A VALIDAR"
Fígado (CHC),paliativo/metastático,Nivolumabe + Ipilimumabe,,Nivolumabe,1,mg/kg,EV,D1,21,4; até progressão/toxicidade,,,,"periodicidade: A cada 21 dias, 4 ciclos; após, manter Nivolumabe a cada 14 dias até progressão de doença ou toxicidade limitante",144,"SOnHe 2024 — FONTE SECUNDÁRIA, SETOR PRIVADO, REFERÊNCIA A VALIDAR"
Fígado (CHC),paliativo/metastático,Nivolumabe + Ipilimumabe,,Ipilimumabe,3,mg/kg,EV,D1,21,4; até progressão/toxicidade,,,,"periodicidade: A cada 21 dias, 4 ciclos; após, manter Nivolumabe a cada 14 dias até progressão de doença ou toxicidade limitante",144,"SOnHe 2024 — FONTE SECUNDÁRIA, SETOR PRIVADO, REFERÊNCIA A VALIDAR"
Fígado (CHC),paliativo/metastático,Cabozantinibe,,Cabozantinibe,60 mg,fixa,VO,1x/dia,contínuo,até progressão/toxicidade,,,,"periodicidade: Continuamente, até progressão de doença ou toxicidade limitante",144,"SOnHe 2024 — FONTE SECUNDÁRIA, SETOR PRIVADO, REFERÊNCIA A VALIDAR"
Pâncreas,paliativo/metastático,Esquema mFOLFIRINOX,,Irinotecano,180,mg/m²,EV,D1,14,até progressão/toxicidade,,,,"periodicidade: A cada 14 dias, até progressão de doença ou toxicidade limitante. Em caso de doença potencialmente ressecável, reavaliar ressecabilidade a cada 4 ciclos",149,"SOnHe 2024 — FONTE SECUNDÁRIA, SETOR PRIVADO, REFERÊNCIA A VALIDAR"
Pâncreas,paliativo/metastático,Esquema mFOLFIRINOX,,Oxaliplatina,85,mg/m²,EV,D1,14,até progressão/toxicidade,,,,"periodicidade: A cada 14 dias, até progressão de doença ou toxicidade limitante. Em caso de doença potencialmente ressecável, reavaliar ressecabilidade a cada 4 ciclos",149,"SOnHe 2024 — FONTE SECUNDÁRIA, SETOR PRIVADO, REFERÊNCIA A VALIDAR"
Pâncreas,paliativo/metastático,Esquema mFOLFIRINOX,,Ácido folínico,400,mg/m²,EV,D1,14,até progressão/toxicidade,,,,"periodicidade: A cada 14 dias, até progressão de doença ou toxicidade limitante. Em caso de doença potencialmente ressecável, reavaliar ressecabilidade a cada 4 ciclos",149,"SOnHe 2024 — FONTE SECUNDÁRIA, SETOR PRIVADO, REFERÊNCIA A VALIDAR"
Pâncreas,paliativo/metastático,Esquema mFOLFIRINOX,,5-Fluorouracil,2.400,mg/m²,EV,D1,14,até progressão/toxicidade,48 h (bomba de infusão),,,"periodicidade: A cada 14 dias, até progressão de doença ou toxicidade limitante. Em caso de doença potencialmente ressecável, reavaliar ressecabilidade a cada 4 ciclos",149,"SOnHe 2024 — FONTE SECUNDÁRIA, SETOR PRIVADO, REFERÊNCIA A VALIDAR"
Pâncreas,adjuvante,Gencitabina monoterapia,,Gencitabina,1.000,mg/m²,EV,D1/D8/D15,28,6,,,,"periodicidade: Adjuvante: a cada 28 dias, 6 ciclos Paliativo: a cada 28 dias, até progressão de doença ou toxicidade limitante",149,"SOnHe 2024 — FONTE SECUNDÁRIA, SETOR PRIVADO, REFERÊNCIA A VALIDAR"
Pâncreas,paliativo/metastático,Gencitabina monoterapia,,Gencitabina,1.000,mg/m²,EV,D1/D8/D15,28,até progressão/toxicidade,,,,"periodicidade: Adjuvante: a cada 28 dias, 6 ciclos Paliativo: a cada 28 dias, até progressão de doença ou toxicidade limitante",149,"SOnHe 2024 — FONTE SECUNDÁRIA, SETOR PRIVADO, REFERÊNCIA A VALIDAR"
Pâncreas,,Gencitabina + Capecitabina,,Gencitabina,1.000,mg/m²,EV,D1/D8/D15,28,6,,,,"periodicidade: A cada 28 dias, 6 ciclos",149,"SOnHe 2024 — FONTE SECUNDÁRIA, SETOR PRIVADO, REFERÊNCIA A VALIDAR"
Pâncreas,,Gencitabina + Capecitabina,,Capecitabina,1.660,mg/m²,VO,D1 a D21; 12/12h,28,6,,,,"periodicidade: A cada 28 dias, 6 ciclos",149,"SOnHe 2024 — FONTE SECUNDÁRIA, SETOR PRIVADO, REFERÊNCIA A VALIDAR"
Pâncreas,,5FU/LV,,5-Fluorouracil,425,mg/m²,EV,D1 a D5,28,6,,,,"periodicidade: A cada 28 dias, 6 ciclos",150,"SOnHe 2024 — FONTE SECUNDÁRIA, SETOR PRIVADO, REFERÊNCIA A VALIDAR"
Pâncreas,,5FU/LV,,Leucovorin,20,mg/m²,EV,D1 a D5,28,6,,,,"periodicidade: A cada 28 dias, 6 ciclos",150,"SOnHe 2024 — FONTE SECUNDÁRIA, SETOR PRIVADO, REFERÊNCIA A VALIDAR"
Pâncreas,paliativo/metastático,Gencitabina + Nab-paclitaxel,,Gencitabina,1.000,mg/m²,EV,D1/D8/D15,28,até progressão/toxicidade,,,,"periodicidade: A cada 28 dias, até progressão de doença ou toxicidade limitante",150,"SOnHe 2024 — FONTE SECUNDÁRIA, SETOR PRIVADO, REFERÊNCIA A VALIDAR"
Pâncreas,paliativo/metastático,Gencitabina + Nab-paclitaxel,,Paclitaxel nanoparticulado,125,mg/m²,EV,D1/D8/D15,28,até progressão/toxicidade,,,,"periodicidade: A cada 28 dias, até progressão de doença ou toxicidade limitante",150,"SOnHe 2024 — FONTE SECUNDÁRIA, SETOR PRIVADO, REFERÊNCIA A VALIDAR"
Pâncreas,paliativo/metastático,Esquema FOLFOX,,Oxaliplatina,85,mg/m²,EV,D1,14,até progressão/toxicidade,,,,"periodicidade: A cada 14 dias, até progressão de doença ou toxicidade limitante.",150,"SOnHe 2024 — FONTE SECUNDÁRIA, SETOR PRIVADO, REFERÊNCIA A VALIDAR"
Pâncreas,paliativo/metastático,Esquema FOLFOX,,Leucovorin,400,mg/m²,EV,D1,14,até progressão/toxicidade,,,,"periodicidade: A cada 14 dias, até progressão de doença ou toxicidade limitante.",150,"SOnHe 2024 — FONTE SECUNDÁRIA, SETOR PRIVADO, REFERÊNCIA A VALIDAR"
Pâncreas,paliativo/metastático,Esquema FOLFOX,,5-Fluorouracil,400,mg/m²,EV,D1,14,até progressão/toxicidade,bolus,,,"periodicidade: A cada 14 dias, até progressão de doença ou toxicidade limitante.",150,"SOnHe 2024 — FONTE SECUNDÁRIA, SETOR PRIVADO, REFERÊNCIA A VALIDAR"
Pâncreas,paliativo/metastático,Esquema FOLFOX,,5-Fluorouracil,2.400,mg/m²,EV,D1,14,até progressão/toxicidade,46 h (bomba de infusão),,,"periodicidade: A cada 14 dias, até progressão de doença ou toxicidade limitante.",150,"SOnHe 2024 — FONTE SECUNDÁRIA, SETOR PRIVADO, REFERÊNCIA A VALIDAR"
Canal anal,concomitante à RT,Mitomicina + 5FU (+RT),,Mitomicina C,10,mg/m²,EV,D1,28,2,,,,"máximo 20 mg/dose | texto do manual: ""Mitomicina C 10 mg/m² (máximo 20 mg/dose) EV D1"" | periodicidade: A cada 28 dias, 2 ciclos (semanas 1 e 5 da RT)",156,"SOnHe 2024 — FONTE SECUNDÁRIA, SETOR PRIVADO, REFERÊNCIA A VALIDAR"
Canal anal,concomitante à RT,Mitomicina + 5FU (+RT),,5FU,4.000,mg/m²,EV,D1,28,2,96 h (bomba de infusão),,,"periodicidade: A cada 28 dias, 2 ciclos (semanas 1 e 5 da RT)",156,"SOnHe 2024 — FONTE SECUNDÁRIA, SETOR PRIVADO, REFERÊNCIA A VALIDAR"
Canal anal,concomitante à RT,Mitomicina + Capecitabina (+RT),,Mitomicina C,12,mg/m²,EV,D1,,1,,,,"máximo 20mg/dose | semana 1 da RT | texto do manual: ""Mitomicina C 12 mg/m² (máximo 20mg/dose) EV D1 (semana 1 da RT)"" | periodicidade: Concomitante à RT, 1 ciclo",156,"SOnHe 2024 — FONTE SECUNDÁRIA, SETOR PRIVADO, REFERÊNCIA A VALIDAR"
Canal anal,concomitante à RT,Mitomicina + Capecitabina (+RT),,Capecitabina,825,mg/m²,VO,12/12h; nos dias de RT,,1,,,,"periodicidade: Concomitante à RT, 1 ciclo",156,"SOnHe 2024 — FONTE SECUNDÁRIA, SETOR PRIVADO, REFERÊNCIA A VALIDAR"
Canal anal,concomitante à RT,CDDP + 5FU (+RT),,Cisplatina,60,mg/m²,EV,D1/D28,28,2,,,,"semanas 1 e 5 da RT | periodicidade: A cada 28 dias, 2 ciclos (nas semanas 1 e 5 da RT)",156,"SOnHe 2024 — FONTE SECUNDÁRIA, SETOR PRIVADO, REFERÊNCIA A VALIDAR"
Canal anal,concomitante à RT,CDDP + 5FU (+RT),,5FU,4.000,mg/m²,EV,D1,28,2,96 h (bomba de infusão),,,"periodicidade: A cada 28 dias, 2 ciclos (nas semanas 1 e 5 da RT)",156,"SOnHe 2024 — FONTE SECUNDÁRIA, SETOR PRIVADO, REFERÊNCIA A VALIDAR"
Canal anal,paliativo/metastático,CDDP + 5FU paliativo,,Cisplatina,100,mg/m²,EV,D1,21,até progressão/toxicidade,,,,"periodicidade: A cada 21 dias, até progressão de doença ou toxicidade limitante",157,"SOnHe 2024 — FONTE SECUNDÁRIA, SETOR PRIVADO, REFERÊNCIA A VALIDAR"
Canal anal,paliativo/metastático,CDDP + 5FU paliativo,,5FU,4.000,mg/m²,EV,D1,21,até progressão/toxicidade,96 h (bomba de infusão),,,"periodicidade: A cada 21 dias, até progressão de doença ou toxicidade limitante",157,"SOnHe 2024 — FONTE SECUNDÁRIA, SETOR PRIVADO, REFERÊNCIA A VALIDAR"
Canal anal,paliativo/metastático,Carboplatina + Paclitaxel,,Carboplatina,5,AUC,EV,D1,21,até progressão/toxicidade,,,,"periodicidade: A cada 21 dias, até progressão de doença ou toxicidade limitante",157,"SOnHe 2024 — FONTE SECUNDÁRIA, SETOR PRIVADO, REFERÊNCIA A VALIDAR"
Canal anal,paliativo/metastático,Carboplatina + Paclitaxel,,Paclitaxel,175,mg/m²,EV,D1,21,até progressão/toxicidade,,,,"periodicidade: A cada 21 dias, até progressão de doença ou toxicidade limitante",157,"SOnHe 2024 — FONTE SECUNDÁRIA, SETOR PRIVADO, REFERÊNCIA A VALIDAR"
Canal anal,paliativo/metastático,Esquema FOLFOX,,Oxaliplatina,85,mg/m²,EV,D1,14,até progressão/toxicidade,,,,"periodicidade: A cada 14 dias, até progressão de doença ou toxicidade limitante",157,"SOnHe 2024 — FONTE SECUNDÁRIA, SETOR PRIVADO, REFERÊNCIA A VALIDAR"
Canal anal,paliativo/metastático,Esquema FOLFOX,,Ácido folínico,400,mg/m²,EV,D1,14,até progressão/toxicidade,,,,"periodicidade: A cada 14 dias, até progressão de doença ou toxicidade limitante",157,"SOnHe 2024 — FONTE SECUNDÁRIA, SETOR PRIVADO, REFERÊNCIA A VALIDAR"
Canal anal,paliativo/metastático,Esquema FOLFOX,,5-Fluorouracil,400,mg/m²,EV,D1,14,até progressão/toxicidade,,,,"periodicidade: A cada 14 dias, até progressão de doença ou toxicidade limitante",157,"SOnHe 2024 — FONTE SECUNDÁRIA, SETOR PRIVADO, REFERÊNCIA A VALIDAR"
Canal anal,paliativo/metastático,Esquema FOLFOX,,5-Fluorouracil,2.400,mg/m²,EV,D1,14,até progressão/toxicidade,48 h (bomba de infusão),,,"periodicidade: A cada 14 dias, até progressão de doença ou toxicidade limitante",157,"SOnHe 2024 — FONTE SECUNDÁRIA, SETOR PRIVADO, REFERÊNCIA A VALIDAR"
Canal anal,paliativo/metastático,Esquema mDCF,,Docetaxel,40,mg/m²,EV,D1,14,até progressão/toxicidade,,,,"periodicidade: A cada 14 dias, até progressão de doença ou toxicidade limitante",158,"SOnHe 2024 — FONTE SECUNDÁRIA, SETOR PRIVADO, REFERÊNCIA A VALIDAR"
Canal anal,paliativo/metastático,Esquema mDCF,,Cisplatina,40,mg/m²,EV,D3,14,até progressão/toxicidade,,,,"periodicidade: A cada 14 dias, até progressão de doença ou toxicidade limitante",158,"SOnHe 2024 — FONTE SECUNDÁRIA, SETOR PRIVADO, REFERÊNCIA A VALIDAR"
Canal anal,paliativo/metastático,Esquema mDCF,,5-Fluorouracil,2.400,mg/m²,EV,D1,14,até progressão/toxicidade,48 h (bomba de infusão),,,"periodicidade: A cada 14 dias, até progressão de doença ou toxicidade limitante",158,"SOnHe 2024 — FONTE SECUNDÁRIA, SETOR PRIVADO, REFERÊNCIA A VALIDAR"
Vias biliares,,Capecitabina isolada,,Capecitabina,1.250,mg/m²,VO,D1 a D14; 12/12h,21,8,,,,"periodicidade: A cada 21 dias, 8 ciclos",163,"SOnHe 2024 — FONTE SECUNDÁRIA, SETOR PRIVADO, REFERÊNCIA A VALIDAR"
Vias biliares,concomitante à RT,Capecitabina + RT,,Capecitabina,825,mg/m²,VO,D1 a D14; 12/12h,dias de RT,,,,,periodicidade: Nos dias da RT,163,"SOnHe 2024 — FONTE SECUNDÁRIA, SETOR PRIVADO, REFERÊNCIA A VALIDAR"
Vias biliares,,Gencitabina + Capecitabina,,Gencitabina,1.000,mg/m²,EV,D1/D8,21,4,,,,"periodicidade: A cada 21 dias, 4 ciclos",163,"SOnHe 2024 — FONTE SECUNDÁRIA, SETOR PRIVADO, REFERÊNCIA A VALIDAR"
Vias biliares,,Gencitabina + Capecitabina,,Capecitabina,1.000,mg/m²,VO,D1 a D14; 12/12h,21,4,,,,"periodicidade: A cada 21 dias, 4 ciclos",163,"SOnHe 2024 — FONTE SECUNDÁRIA, SETOR PRIVADO, REFERÊNCIA A VALIDAR"
Vias biliares,adjuvante,Gencitabina adjuvante,,Gencitabina,1.000,mg/m²,EV,D1/D8/D15,28,8,,,,"periodicidade: A cada 28 dias, 8 ciclos",163,"SOnHe 2024 — FONTE SECUNDÁRIA, SETOR PRIVADO, REFERÊNCIA A VALIDAR"
Vias biliares,paliativo/metastático,CDDP + Gencitabina + Durvalumabe,,Durvalumabe,1.500 mg,fixa,EV,D1,21,8; até progressão/toxicidade,,,,"periodicidade: A cada 21 dias por 8 ciclos; após, manutenção com Durvalumabe a cada 21 dias até progressão de doença ou toxicidade limitante",164,"SOnHe 2024 — FONTE SECUNDÁRIA, SETOR PRIVADO, REFERÊNCIA A VALIDAR"
Vias biliares,paliativo/metastático,CDDP + Gencitabina + Durvalumabe,,Cisplatina,25,mg/m²,EV,D1/D8,21,8; até progressão/toxicidade,,,,"periodicidade: A cada 21 dias por 8 ciclos; após, manutenção com Durvalumabe a cada 21 dias até progressão de doença ou toxicidade limitante",164,"SOnHe 2024 — FONTE SECUNDÁRIA, SETOR PRIVADO, REFERÊNCIA A VALIDAR"
Vias biliares,paliativo/metastático,CDDP + Gencitabina + Durvalumabe,,Gencitabina,1.000,mg/m²,EV,D1/D8,21,8; até progressão/toxicidade,,,,"periodicidade: A cada 21 dias por 8 ciclos; após, manutenção com Durvalumabe a cada 21 dias até progressão de doença ou toxicidade limitante",164,"SOnHe 2024 — FONTE SECUNDÁRIA, SETOR PRIVADO, REFERÊNCIA A VALIDAR"
Vias biliares,paliativo/metastático,CDDP + Gencitabina,,Cisplatina,25,mg/m²,EV,D1/D8,21,8; até progressão/toxicidade,,,,"periodicidade: A cada 21 dias por 8 ciclos; após, manutenção com Gecncitabina a cada 21 dias até progressão de doença ou toxicidade limitante",164,"SOnHe 2024 — FONTE SECUNDÁRIA, SETOR PRIVADO, REFERÊNCIA A VALIDAR"
Vias biliares,paliativo/metastático,CDDP + Gencitabina,,Gencitabina,1.000,mg/m²,EV,D1/D8,21,8; até progressão/toxicidade,,,,"periodicidade: A cada 21 dias por 8 ciclos; após, manutenção com Gecncitabina a cada 21 dias até progressão de doença ou toxicidade limitante",164,"SOnHe 2024 — FONTE SECUNDÁRIA, SETOR PRIVADO, REFERÊNCIA A VALIDAR"
Vias biliares,paliativo/metastático,CapOx paliativo,,Oxaliplatina,130,mg/m²,EV,D1,21,até progressão/toxicidade,,,,"periodicidade: A cada 21 dias, até progressão de doença ou toxicidade limitante",164,"SOnHe 2024 — FONTE SECUNDÁRIA, SETOR PRIVADO, REFERÊNCIA A VALIDAR"
Vias biliares,paliativo/metastático,CapOx paliativo,,Capecitabina,1.000,mg/m²,VO,D1 a D14; 12/12h,21,até progressão/toxicidade,,,,"periodicidade: A cada 21 dias, até progressão de doença ou toxicidade limitante",164,"SOnHe 2024 — FONTE SECUNDÁRIA, SETOR PRIVADO, REFERÊNCIA A VALIDAR"
Vias biliares,paliativo/metastático,Ivosidenibe,,Ivosidenibe,500 mg,fixa,VO,1x/dia,contínuo,até progressão/toxicidade,,,,"periodicidade: Continuamente, até progressão de doença ou toxicidade limitante",165,"SOnHe 2024 — FONTE SECUNDÁRIA, SETOR PRIVADO, REFERÊNCIA A VALIDAR"
Vias biliares,paliativo/metastático,Pembrolizumabe,,Pembrolizumabe,200 mg,fixa,EV,D1,21,até progressão/toxicidade,,,,"periodicidade: A cada 21 dias, até progressão de doença ou toxicidade limitante",165,"SOnHe 2024 — FONTE SECUNDÁRIA, SETOR PRIVADO, REFERÊNCIA A VALIDAR"
Vias biliares,paliativo/metastático,Larotrectinibe,,Larotrectinibe,100 mg,fixa,VO,2x/dia,contínuo,até progressão/toxicidade,,,,"periodicidade: Continuamente, até progressão de doença ou toxicidade limitante",165,"SOnHe 2024 — FONTE SECUNDÁRIA, SETOR PRIVADO, REFERÊNCIA A VALIDAR"
Bexiga,intravesical — indução,Onco-BCG Indução,,Onco-BCG,80 mg,fixa,intravesical,D1,7,6 semanas,,,,periodicidade: Semanalmente por 6 semanas,174,"SOnHe 2024 — FONTE SECUNDÁRIA, SETOR PRIVADO, REFERÊNCIA A VALIDAR"
Bexiga,intravesical — manutenção,Onco-BCG Manutenção,,Onco-BCG,80 mg,fixa,intravesical,D1,mensal,1 ano,,,,periodicidade: Mensalmente por 1 ano Trimestralmente no 2º ano Semestralmente no 3º ano,174,"SOnHe 2024 — FONTE SECUNDÁRIA, SETOR PRIVADO, REFERÊNCIA A VALIDAR"
Bexiga,intravesical — indução,Gencitabina intravesical Indução,,Gencitabina,2.000 mg,fixa,intravesical,D1,7,6 semanas,,,,"periodicidade: Semanalmente, por 6 semanas",175,"SOnHe 2024 — FONTE SECUNDÁRIA, SETOR PRIVADO, REFERÊNCIA A VALIDAR"
Bexiga,intravesical — manutenção,Gencitabina intravesical Manutenção,,Gencitabina,2.000 mg,fixa,intravesical,D1,mensal,12-36 meses,,,,"periodicidade: Mensalmente, por 12-36 meses",175,"SOnHe 2024 — FONTE SECUNDÁRIA, SETOR PRIVADO, REFERÊNCIA A VALIDAR"
Bexiga,neo/adjuvante,Esquema CDDP + Gencitabina,,Cisplatina,70,mg/m²,EV,D1,21,4,,,,"periodicidade: Neoadjuvante/adjuvante: a cada 21 dias, 4 ciclos Paliativo: a cada 21 dias, até progressão de doença ou toxicidade limitante",175,"SOnHe 2024 — FONTE SECUNDÁRIA, SETOR PRIVADO, REFERÊNCIA A VALIDAR"
Bexiga,neo/adjuvante,Esquema CDDP + Gencitabina,,Gencitabina,1.000,mg/m²,EV,D1/D8,21,4,,,,"periodicidade: Neoadjuvante/adjuvante: a cada 21 dias, 4 ciclos Paliativo: a cada 21 dias, até progressão de doença ou toxicidade limitante",175,"SOnHe 2024 — FONTE SECUNDÁRIA, SETOR PRIVADO, REFERÊNCIA A VALIDAR"
Bexiga,paliativo/metastático,Esquema CDDP + Gencitabina,,Cisplatina,70,mg/m²,EV,D1,21,até progressão/toxicidade,,,,"periodicidade: Neoadjuvante/adjuvante: a cada 21 dias, 4 ciclos Paliativo: a cada 21 dias, até progressão de doença ou toxicidade limitante",175,"SOnHe 2024 — FONTE SECUNDÁRIA, SETOR PRIVADO, REFERÊNCIA A VALIDAR"
Bexiga,paliativo/metastático,Esquema CDDP + Gencitabina,,Gencitabina,1.000,mg/m²,EV,D1/D8,21,até progressão/toxicidade,,,,"periodicidade: Neoadjuvante/adjuvante: a cada 21 dias, 4 ciclos Paliativo: a cada 21 dias, até progressão de doença ou toxicidade limitante",175,"SOnHe 2024 — FONTE SECUNDÁRIA, SETOR PRIVADO, REFERÊNCIA A VALIDAR"
Bexiga,neo/adjuvante,Esquema MVAC-dose densa (MVAC-DD),,Metotrexato,30,mg/m²,EV,D1,14,3 a 4,,,,"periodicidade: Neoadjuvante/adjuvante: a cada 14 dias, 3 a 4 ciclos Paliativo: a cada 14 dias, até progressão de doença ou toxicidade limitante",176,"SOnHe 2024 — FONTE SECUNDÁRIA, SETOR PRIVADO, REFERÊNCIA A VALIDAR"
Bexiga,neo/adjuvante,Esquema MVAC-dose densa (MVAC-DD),,Vimblastina,3,mg/m²,EV,D2,14,3 a 4,,,,"periodicidade: Neoadjuvante/adjuvante: a cada 14 dias, 3 a 4 ciclos Paliativo: a cada 14 dias, até progressão de doença ou toxicidade limitante",176,"SOnHe 2024 — FONTE SECUNDÁRIA, SETOR PRIVADO, REFERÊNCIA A VALIDAR"
Bexiga,neo/adjuvante,Esquema MVAC-dose densa (MVAC-DD),,Doxorrubicina,30,mg/m²,EV,D2,14,3 a 4,,,,"periodicidade: Neoadjuvante/adjuvante: a cada 14 dias, 3 a 4 ciclos Paliativo: a cada 14 dias, até progressão de doença ou toxicidade limitante",176,"SOnHe 2024 — FONTE SECUNDÁRIA, SETOR PRIVADO, REFERÊNCIA A VALIDAR"
Bexiga,neo/adjuvante,Esquema MVAC-dose densa (MVAC-DD),,Cisplatina,70,mg/m²,EV,D2,14,3 a 4,,,,"periodicidade: Neoadjuvante/adjuvante: a cada 14 dias, 3 a 4 ciclos Paliativo: a cada 14 dias, até progressão de doença ou toxicidade limitante",176,"SOnHe 2024 — FONTE SECUNDÁRIA, SETOR PRIVADO, REFERÊNCIA A VALIDAR"
Bexiga,neo/adjuvante,Esquema MVAC-dose densa (MVAC-DD),,Filgrastima,300 mcg/dia,fixa,SC,D4 a D10,14,3 a 4,,,,"periodicidade: Neoadjuvante/adjuvante: a cada 14 dias, 3 a 4 ciclos Paliativo: a cada 14 dias, até progressão de doença ou toxicidade limitante",176,"SOnHe 2024 — FONTE SECUNDÁRIA, SETOR PRIVADO, REFERÊNCIA A VALIDAR"
Bexiga,paliativo/metastático,Esquema MVAC-dose densa (MVAC-DD),,Metotrexato,30,mg/m²,EV,D1,14,até progressão/toxicidade,,,,"periodicidade: Neoadjuvante/adjuvante: a cada 14 dias, 3 a 4 ciclos Paliativo: a cada 14 dias, até progressão de doença ou toxicidade limitante",176,"SOnHe 2024 — FONTE SECUNDÁRIA, SETOR PRIVADO, REFERÊNCIA A VALIDAR"
Bexiga,paliativo/metastático,Esquema MVAC-dose densa (MVAC-DD),,Vimblastina,3,mg/m²,EV,D2,14,até progressão/toxicidade,,,,"periodicidade: Neoadjuvante/adjuvante: a cada 14 dias, 3 a 4 ciclos Paliativo: a cada 14 dias, até progressão de doença ou toxicidade limitante",176,"SOnHe 2024 — FONTE SECUNDÁRIA, SETOR PRIVADO, REFERÊNCIA A VALIDAR"
Bexiga,paliativo/metastático,Esquema MVAC-dose densa (MVAC-DD),,Doxorrubicina,30,mg/m²,EV,D2,14,até progressão/toxicidade,,,,"periodicidade: Neoadjuvante/adjuvante: a cada 14 dias, 3 a 4 ciclos Paliativo: a cada 14 dias, até progressão de doença ou toxicidade limitante",176,"SOnHe 2024 — FONTE SECUNDÁRIA, SETOR PRIVADO, REFERÊNCIA A VALIDAR"
Bexiga,paliativo/metastático,Esquema MVAC-dose densa (MVAC-DD),,Cisplatina,70,mg/m²,EV,D2,14,até progressão/toxicidade,,,,"periodicidade: Neoadjuvante/adjuvante: a cada 14 dias, 3 a 4 ciclos Paliativo: a cada 14 dias, até progressão de doença ou toxicidade limitante",176,"SOnHe 2024 — FONTE SECUNDÁRIA, SETOR PRIVADO, REFERÊNCIA A VALIDAR"
Bexiga,paliativo/metastático,Esquema MVAC-dose densa (MVAC-DD),,Filgrastima,300 mcg/dia,fixa,SC,D4 a D10,14,até progressão/toxicidade,,,,"periodicidade: Neoadjuvante/adjuvante: a cada 14 dias, 3 a 4 ciclos Paliativo: a cada 14 dias, até progressão de doença ou toxicidade limitante",176,"SOnHe 2024 — FONTE SECUNDÁRIA, SETOR PRIVADO, REFERÊNCIA A VALIDAR"
Bexiga,paliativo/metastático,Gencitabina + Carboplatina,,Carboplatina,5,AUC,EV,D1,21,até progressão/toxicidade,,,,"periodicidade: A cada 21 dias, até progressão de doença ou toxicidade limitante",176,"SOnHe 2024 — FONTE SECUNDÁRIA, SETOR PRIVADO, REFERÊNCIA A VALIDAR"
Bexiga,paliativo/metastático,Gencitabina + Carboplatina,,Gencitabina,1.000,mg/m²,EV,D1/D8,21,até progressão/toxicidade,,,,"periodicidade: A cada 21 dias, até progressão de doença ou toxicidade limitante",176,"SOnHe 2024 — FONTE SECUNDÁRIA, SETOR PRIVADO, REFERÊNCIA A VALIDAR"
Bexiga,,Substituição de Cisplatina por Carboplatina,,Carboplatina,5,AUC,EV,D1,,,,,,,176,"SOnHe 2024 — FONTE SECUNDÁRIA, SETOR PRIVADO, REFERÊNCIA A VALIDAR"
Bexiga,concomitante à RT,CDDP semanal (+RT),,Cisplatina,35,mg/m²,EV,D1,7,,,,,"periodicidade: Semanalmente, concomitante à RT",177,"SOnHe 2024 — FONTE SECUNDÁRIA, SETOR PRIVADO, REFERÊNCIA A VALIDAR"
Bexiga,concomitante à RT,Gencitabina monoterapia (+RT),,Gencitabina,100,mg/m²,EV,D1,7,,,,,"periodicidade: Semanalmente, concomitante à RT",177,"SOnHe 2024 — FONTE SECUNDÁRIA, SETOR PRIVADO, REFERÊNCIA A VALIDAR"
Bexiga,adjuvante,Nivolumabe adjuvante,,Nivolumabe,240 mg,fixa,EV,D1,14,1 ano,,,,"periodicidade: A cada 14 dias, por 1 ano",177,"SOnHe 2024 — FONTE SECUNDÁRIA, SETOR PRIVADO, REFERÊNCIA A VALIDAR"
Bexiga,adjuvante,Nivolumabe adjuvante (alternativa q28d),,Nivolumabe,480 mg,fixa,EV,D1,28,1 ano,,,,"periodicidade: A cada 28 dias, por 1 ano",177,"SOnHe 2024 — FONTE SECUNDÁRIA, SETOR PRIVADO, REFERÊNCIA A VALIDAR"
Bexiga,manutenção,Avelumabe manutenção,,Avelumabe,10,mg/kg,EV,D1,14,até progressão/toxicidade,,,,"periodicidade: A cada 14 dias, até progressão de doença ou toxicidade limitante (Iniciar após 4 a 10 semanas do fim da QT de 1ª linha)",178,"SOnHe 2024 — FONTE SECUNDÁRIA, SETOR PRIVADO, REFERÊNCIA A VALIDAR"
Bexiga,paliativo/metastático,Pembrolizumabe monoterapia,,Pembrolizumabe,200 mg,fixa,EV,D1,21,até progressão/toxicidade,,,,"periodicidade: A cada 21 dias, até progressão de doença ou toxicidade limitante ou até 2 anos",178,"SOnHe 2024 — FONTE SECUNDÁRIA, SETOR PRIVADO, REFERÊNCIA A VALIDAR"
Bexiga,paliativo/metastático,Atezolizumabe monoterapia,,Atezolizumabe,1200 mg,fixa,EV,D1,21,até progressão/toxicidade,,,,"periodicidade: A cada 21 dias, até progressão de doença ou toxicidade limitante",178,"SOnHe 2024 — FONTE SECUNDÁRIA, SETOR PRIVADO, REFERÊNCIA A VALIDAR"
Bexiga,paliativo/metastático,Vinflunina,,Vinflunina,320,mg/m²,EV,D1,21,até progressão/toxicidade,,,,"alternativa: 280 mg/m² se ECOG > 1 ou RT pélvica prévia | texto do manual: ""Vinflunina 320 mg/m² EV D1 (alternativa: 280 mg/m² se ECOG > 1 ou RT pélvica prévia)"" | periodicidade: A cada 21 dias, até progressão de doença ou toxicidade limitante",179,"SOnHe 2024 — FONTE SECUNDÁRIA, SETOR PRIVADO, REFERÊNCIA A VALIDAR"
Bexiga,paliativo/metastático,Paclitaxel semanal,,Paclitaxel,80,mg/m²,EV,D1,7,até progressão/toxicidade,,,,"periodicidade: Semanalmente, até progressão de doença ou toxicidade limitante",179,"SOnHe 2024 — FONTE SECUNDÁRIA, SETOR PRIVADO, REFERÊNCIA A VALIDAR"
Bexiga,paliativo/metastático,Pemetrexede,,Pemetrexede,500,mg/m²,EV,D1,21,até progressão/toxicidade,,,,"periodicidade: A cada 21 dias, até progressão de doença ou toxicidade limitante",179,"SOnHe 2024 — FONTE SECUNDÁRIA, SETOR PRIVADO, REFERÊNCIA A VALIDAR"
Bexiga,paliativo/metastático,Erdafitinibe,,Erdafitinibe,8 mg,fixa,VO,1x/dia,contínuo,até progressão/toxicidade,,,,"aumentar para 9 mg de acordo com farmacodinâmica do fosfato sérico | periodicidade: Continuamente, até progressão de doença ou toxicidade limitante.",180,"SOnHe 2024 — FONTE SECUNDÁRIA, SETOR PRIVADO, REFERÊNCIA A VALIDAR"
Bexiga,paliativo/metastático,Enfortumabe-vedotina,,Enfortumabe-vedotina,"1,25",mg/kg,EV,D1/D8/D15,21,até progressão/toxicidade,,,,"periodicidade: A cada 21 dias, até progressão de doença ou toxicidade limitante",180,"SOnHe 2024 — FONTE SECUNDÁRIA, SETOR PRIVADO, REFERÊNCIA A VALIDAR"
Bexiga,paliativo/metastático,Enfortumabe vedotina + Pembrolizumabe,,Enfortumabe vedotina,"1,25",mg/kg,EV,D1/D8,21,até progressão/toxicidade,,,,"periodicidade: A cada 21 dias, até progressão de doença ou toxicidade limitante",180,"SOnHe 2024 — FONTE SECUNDÁRIA, SETOR PRIVADO, REFERÊNCIA A VALIDAR"
Bexiga,paliativo/metastático,Enfortumabe vedotina + Pembrolizumabe,,Pembrolizumabe,200 mg,fixa,EV,D1,21,até progressão/toxicidade,,,,"periodicidade: A cada 21 dias, até progressão de doença ou toxicidade limitante",180,"SOnHe 2024 — FONTE SECUNDÁRIA, SETOR PRIVADO, REFERÊNCIA A VALIDAR"
Rim (células claras),paliativo/metastático,TKIs,,Pazopanibe,800 mg,fixa,VO,1x/dia; continuamente,,até progressão/toxicidade,,,,drogas listadas como opções alternativas (não combinação) | periodicidade: Até progressão de doença ou toxicidade limitante,188,"SOnHe 2024 — FONTE SECUNDÁRIA, SETOR PRIVADO, REFERÊNCIA A VALIDAR"
Rim (células claras),paliativo/metastático,TKIs,,Sunitinibe,50 mg,fixa,VO,D1 a D14; 1x/dia; a cada 21 dias,,até progressão/toxicidade,,,,drogas listadas como opções alternativas (não combinação) | periodicidade: Até progressão de doença ou toxicidade limitante,188,"SOnHe 2024 — FONTE SECUNDÁRIA, SETOR PRIVADO, REFERÊNCIA A VALIDAR"
Rim (células claras),paliativo/metastático,TKIs,,Axitinibe,5 mg,fixa,VO,12/12h; continuamente,,até progressão/toxicidade,,,,drogas listadas como opções alternativas (não combinação) | periodicidade: Até progressão de doença ou toxicidade limitante,188,"SOnHe 2024 — FONTE SECUNDÁRIA, SETOR PRIVADO, REFERÊNCIA A VALIDAR"
Rim (células claras),paliativo/metastático,TKIs,,Cabozantinibe,60 mg,fixa,VO,1x/dia; continuamente,,até progressão/toxicidade,,,,drogas listadas como opções alternativas (não combinação) | periodicidade: Até progressão de doença ou toxicidade limitante,188,"SOnHe 2024 — FONTE SECUNDÁRIA, SETOR PRIVADO, REFERÊNCIA A VALIDAR"
Rim (células claras),paliativo/metastático,Nivolumabe monoterapia,,Nivolumabe,3,mg/kg,EV,D1,14,até progressão/toxicidade,,,,"periodicidade: A cada 14 dias, até progressão de doença ou toxicidade limitante",189,"SOnHe 2024 — FONTE SECUNDÁRIA, SETOR PRIVADO, REFERÊNCIA A VALIDAR"
Rim (células claras),paliativo/metastático,Nivolumabe + Ipilimumabe,,Ipilimumabe,1,mg/kg,EV,a cada 21 dias,21,4; até progressão/toxicidade,,,,"periodicidade: A cada 21 dias, 4 ciclos da combinação; após, Nivolumabe isolado 480 mg a cada 28 dias até progressão de doença ou toxicidade limitante",189,"SOnHe 2024 — FONTE SECUNDÁRIA, SETOR PRIVADO, REFERÊNCIA A VALIDAR"
Rim (células claras),paliativo/metastático,Nivolumabe + Ipilimumabe,,Nivolumabe,3,mg/kg,EV,,21,4; até progressão/toxicidade,,,,"periodicidade: A cada 21 dias, 4 ciclos da combinação; após, Nivolumabe isolado 480 mg a cada 28 dias até progressão de doença ou toxicidade limitante",189,"SOnHe 2024 — FONTE SECUNDÁRIA, SETOR PRIVADO, REFERÊNCIA A VALIDAR"
Rim (células claras),paliativo/metastático,Everolimo,,Everolimo,10 mg,fixa,VO,1x/dia,contínuo,até progressão/toxicidade,,,,"texto do manual: ""Everolimo 10mg 1 comprimido VO 1x/dia"" | periodicidade: Continuamente, até progressão de doença ou toxicidade limitante",189,"SOnHe 2024 — FONTE SECUNDÁRIA, SETOR PRIVADO, REFERÊNCIA A VALIDAR"
Rim (células claras),paliativo/metastático,Cabozantinibe + Nivolumabe,,Cabozantinibe,40 mg,fixa,VO,1x/dia; continuamente,14,até progressão/toxicidade,,,,"periodicidade: A cada 14 dias, até progressão de doença ou toxicidade limitante",190,"SOnHe 2024 — FONTE SECUNDÁRIA, SETOR PRIVADO, REFERÊNCIA A VALIDAR"
Rim (células claras),paliativo/metastático,Cabozantinibe + Nivolumabe,,Nivolumabe,240 mg,fixa,EV,D1,14,até progressão/toxicidade,,,,"periodicidade: A cada 14 dias, até progressão de doença ou toxicidade limitante",190,"SOnHe 2024 — FONTE SECUNDÁRIA, SETOR PRIVADO, REFERÊNCIA A VALIDAR"
Rim (células claras),paliativo/metastático,Pembrolizumabe + Axitinibe,,Axitinibe,5 mg,fixa,VO,12/12h; continuamente,21,até progressão/toxicidade,,,,"periodicidade: A cada 21 dias, até progressão de doença ou toxicidade limitante",190,"SOnHe 2024 — FONTE SECUNDÁRIA, SETOR PRIVADO, REFERÊNCIA A VALIDAR"
Rim (células claras),paliativo/metastático,Pembrolizumabe + Axitinibe,,Pembrolizumabe,200 mg,fixa,EV,D1,21,até progressão/toxicidade,,,,"periodicidade: A cada 21 dias, até progressão de doença ou toxicidade limitante",190,"SOnHe 2024 — FONTE SECUNDÁRIA, SETOR PRIVADO, REFERÊNCIA A VALIDAR"
Rim (células claras),paliativo/metastático,Lenvatinibe + Everolimo,,Lenvatinibe,18 mg,fixa,VO,1x/dia,contínuo,até progressão/toxicidade,,,,"periodicidade: Continuamente, até progressão de doença ou toxicidade limitante",190,"SOnHe 2024 — FONTE SECUNDÁRIA, SETOR PRIVADO, REFERÊNCIA A VALIDAR"
Rim (células claras),paliativo/metastático,Lenvatinibe + Everolimo,,Everolimo,5 mg,fixa,VO,1x/dia,contínuo,até progressão/toxicidade,,,,"periodicidade: Continuamente, até progressão de doença ou toxicidade limitante",190,"SOnHe 2024 — FONTE SECUNDÁRIA, SETOR PRIVADO, REFERÊNCIA A VALIDAR"
Próstata,,BH central (opções),,Gosserrelina,"10,8 mg",fixa,SC,D1; a cada 90 dias,,,,,,drogas listadas como opções alternativas (não combinação),200,"SOnHe 2024 — FONTE SECUNDÁRIA, SETOR PRIVADO, REFERÊNCIA A VALIDAR"
Próstata,,BH central (opções),,Leuprorrelina,"22,5 mg",fixa,SC,D1; a cada 90 dias,,,,,,drogas listadas como opções alternativas (não combinação),200,"SOnHe 2024 — FONTE SECUNDÁRIA, SETOR PRIVADO, REFERÊNCIA A VALIDAR"
Próstata,,BH central (opções),,Leuprorrelina,45 mg,fixa,SC,D1; a cada 180 dias,,,,,,drogas listadas como opções alternativas (não combinação),200,"SOnHe 2024 — FONTE SECUNDÁRIA, SETOR PRIVADO, REFERÊNCIA A VALIDAR"
Próstata,,BH central (opções),,Degarelix,80 mg,fixa,SC,D1; mensalmente,,,,,,drogas listadas como opções alternativas (não combinação) | dose de ataque C1D1: 240mg,200,"SOnHe 2024 — FONTE SECUNDÁRIA, SETOR PRIVADO, REFERÊNCIA A VALIDAR"
Próstata,paliativo/metastático,Docetaxel q21d,,Docetaxel,75,mg/m²,EV,D1,21,até 6; até progressão/toxicidade,,,,"periodicidade: A cada 21 dias, até 6 ciclos (sensível à castração) ou até progressão de doença ou toxicidade limitante (resistente à castração)",200,"SOnHe 2024 — FONTE SECUNDÁRIA, SETOR PRIVADO, REFERÊNCIA A VALIDAR"
Próstata,paliativo/metastático,Docetaxel q21d,,Prednisona,5 mg,fixa,VO,D1 a D21; 12/12h,21,até 6; até progressão/toxicidade,,,,"periodicidade: A cada 21 dias, até 6 ciclos (sensível à castração) ou até progressão de doença ou toxicidade limitante (resistente à castração)",200,"SOnHe 2024 — FONTE SECUNDÁRIA, SETOR PRIVADO, REFERÊNCIA A VALIDAR"
Próstata,paliativo/metastático,Docetaxel quinzenal,,Docetaxel,50,mg/m²,EV,D1,14,até progressão/toxicidade,,,,"periodicidade: A cada 14 dias, até progressão de doença ou toxicidade limitante",201,"SOnHe 2024 — FONTE SECUNDÁRIA, SETOR PRIVADO, REFERÊNCIA A VALIDAR"
Próstata,paliativo/metastático,Docetaxel quinzenal,,Prednisona,5 mg,fixa,VO,D1 a D14; 12/12h,14,até progressão/toxicidade,,,,"periodicidade: A cada 14 dias, até progressão de doença ou toxicidade limitante",201,"SOnHe 2024 — FONTE SECUNDÁRIA, SETOR PRIVADO, REFERÊNCIA A VALIDAR"
Próstata,paliativo/metastático,Abiraterona + Prednisona,,Abiraterona,1000 mg,fixa,VO,1x/dia,contínuo,até progressão/toxicidade,,,,"periodicidade: Continuamente, até progressão de doença ou toxicidade limitante",201,"SOnHe 2024 — FONTE SECUNDÁRIA, SETOR PRIVADO, REFERÊNCIA A VALIDAR"
Próstata,paliativo/metastático,Abiraterona + Prednisona,,Prednisona,5 mg,fixa,VO,1x/dia,contínuo,até progressão/toxicidade,,,,"periodicidade: Continuamente, até progressão de doença ou toxicidade limitante",201,"SOnHe 2024 — FONTE SECUNDÁRIA, SETOR PRIVADO, REFERÊNCIA A VALIDAR"
Próstata,paliativo/metastático,Enzalutamida,,Enzalutamida,160 mg,fixa,VO,1x/dia,contínuo,até progressão/toxicidade,,,,"periodicidade: Continuamente, até progressão de doença ou toxicidade limitante",201,"SOnHe 2024 — FONTE SECUNDÁRIA, SETOR PRIVADO, REFERÊNCIA A VALIDAR"
Próstata,paliativo/metastático,Apalutamida,,Apalutamida,240 mg,fixa,VO,1x/dia,contínuo,até progressão/toxicidade,,,,"periodicidade: Continuamente, até progressão de doença ou toxicidade limitante",202,"SOnHe 2024 — FONTE SECUNDÁRIA, SETOR PRIVADO, REFERÊNCIA A VALIDAR"
Próstata,paliativo/metastático,Darolutamida,,Darolutamida,600 mg,fixa,VO,12/12h,contínuo,até progressão/toxicidade,,,,"periodicidade: Continuamente, até progressão de doença ou toxicidade limitante",202,"SOnHe 2024 — FONTE SECUNDÁRIA, SETOR PRIVADO, REFERÊNCIA A VALIDAR"
Próstata,paliativo/metastático,Cabazitaxel,,Cabazitaxel,20,mg/m²,EV,D1,21,até progressão/toxicidade,,,,"periodicidade: A cada 21 dias, até progressão de doença ou toxicidade limitante",202,"SOnHe 2024 — FONTE SECUNDÁRIA, SETOR PRIVADO, REFERÊNCIA A VALIDAR"
Próstata,paliativo/metastático,Cabazitaxel,,Prednisona,5 mg,fixa,VO,D1 a D21; 12/12h,21,até progressão/toxicidade,,,,"periodicidade: A cada 21 dias, até progressão de doença ou toxicidade limitante",202,"SOnHe 2024 — FONTE SECUNDÁRIA, SETOR PRIVADO, REFERÊNCIA A VALIDAR"
Próstata,paliativo/metastático,Cabazitaxel,,Filgrastima,300 mcg,fixa,SC,D2 a D6,21,até progressão/toxicidade,,,,"periodicidade: A cada 21 dias, até progressão de doença ou toxicidade limitante",202,"SOnHe 2024 — FONTE SECUNDÁRIA, SETOR PRIVADO, REFERÊNCIA A VALIDAR"
Próstata,,Radium-223,,Radium-223,55,KBq/kg,EV,D1,28,6,,,,"periodicidade: A cada 28 dias, 6 ciclos",202,"SOnHe 2024 — FONTE SECUNDÁRIA, SETOR PRIVADO, REFERÊNCIA A VALIDAR"
Próstata,,PSMA-Lutécio,,LuPSMA,6-8 GBq,fixa,EV,D1,42,6,,,,"periodicidade: A cada 42 dias, 6 ciclos",203,"SOnHe 2024 — FONTE SECUNDÁRIA, SETOR PRIVADO, REFERÊNCIA A VALIDAR"
Próstata,paliativo/metastático,Carboplatina + Docetaxel,,Carboplatina,5,AUC,EV,D1,21,até progressão/toxicidade,,,,periodicidade: A cada 21 dias até progressão de doença ou toxicidade limitante,203,"SOnHe 2024 — FONTE SECUNDÁRIA, SETOR PRIVADO, REFERÊNCIA A VALIDAR"
Próstata,paliativo/metastático,Carboplatina + Docetaxel,,Docetaxel,75,mg/m²,EV,D1,21,até progressão/toxicidade,,,,periodicidade: A cada 21 dias até progressão de doença ou toxicidade limitante,203,"SOnHe 2024 — FONTE SECUNDÁRIA, SETOR PRIVADO, REFERÊNCIA A VALIDAR"
Próstata,paliativo/metastático,Cisplatina + Etoposídeo,,Cisplatina,25,mg/m²,EV,D1 a D3,21,até progressão/toxicidade,,,,"periodicidade: A cada 21 dias, até progressão de doença ou toxicidade limitante",203,"SOnHe 2024 — FONTE SECUNDÁRIA, SETOR PRIVADO, REFERÊNCIA A VALIDAR"
Próstata,paliativo/metastático,Cisplatina + Etoposídeo,,Etoposídeo,120,mg/m²,EV,D1 a D3,21,até progressão/toxicidade,,,,"periodicidade: A cada 21 dias, até progressão de doença ou toxicidade limitante",203,"SOnHe 2024 — FONTE SECUNDÁRIA, SETOR PRIVADO, REFERÊNCIA A VALIDAR"
Próstata,paliativo/metastático,Carboplatina + Cabazitaxel,,Carboplatina,5,AUC,EV,D1,21,até progressão/toxicidade,,,,"periodicidade: A cada 21 dias, até progressão de doença ou toxicidade limitante",204,"SOnHe 2024 — FONTE SECUNDÁRIA, SETOR PRIVADO, REFERÊNCIA A VALIDAR"
Próstata,paliativo/metastático,Carboplatina + Cabazitaxel,,Cabazitaxel,20-25,mg/m²,EV,D1,21,até progressão/toxicidade,,,,"periodicidade: A cada 21 dias, até progressão de doença ou toxicidade limitante",204,"SOnHe 2024 — FONTE SECUNDÁRIA, SETOR PRIVADO, REFERÊNCIA A VALIDAR"
Próstata,,Terapias ósseas,,Denosumabe,120 mg,fixa,SC,D1; a cada 28 dias,,,,,,drogas listadas como opções alternativas (não combinação) | item de suporte (não antineoplásico),204,"SOnHe 2024 — FONTE SECUNDÁRIA, SETOR PRIVADO, REFERÊNCIA A VALIDAR"
Próstata,,Terapias ósseas,,Ácido zoledrônico,4 mg,fixa,EV,D1; a cada 90 dias,,,,,,drogas listadas como opções alternativas (não combinação) | item de suporte (não antineoplásico),204,"SOnHe 2024 — FONTE SECUNDÁRIA, SETOR PRIVADO, REFERÊNCIA A VALIDAR"
Próstata,,Reposição oral de vitamina D e cácio,,Vitamina D,1.000 a 2.000 UI,fixa,VO,1x/dia; 1x/semana,,,,,,"item de suporte (não antineoplásico) | texto do manual: ""Vitamina D 1.000 a 2.000 UI VO 1x/dia ou 5.000- 10.000UI VO 1x/semana dia para manter o nível sérico maior ou igual a 30 ng/mL""",204,"SOnHe 2024 — FONTE SECUNDÁRIA, SETOR PRIVADO, REFERÊNCIA A VALIDAR"
Próstata,,Reposição oral de vitamina D e cácio,,Cálcio,1.000 mg,fixa,VO,1x/dia,,,,,,item de suporte (não antineoplásico),204,"SOnHe 2024 — FONTE SECUNDÁRIA, SETOR PRIVADO, REFERÊNCIA A VALIDAR"
Pênis,adjuvante,Esquema TIP,,Paclitaxel,175,mg/m²,EV,D1,21-28,4,,,,"periodicidade: Adjuvante: a cada 21 a 28 dias, 4 ciclos Paliativo: a cada 21 a 28 dias, até progressão de doença ou toxicidade limitante",210,"SOnHe 2024 — FONTE SECUNDÁRIA, SETOR PRIVADO, REFERÊNCIA A VALIDAR"
Pênis,adjuvante,Esquema TIP,,Cisplatina,25,mg/m²,EV,D1 a D3,21-28,4,,,,"periodicidade: Adjuvante: a cada 21 a 28 dias, 4 ciclos Paliativo: a cada 21 a 28 dias, até progressão de doença ou toxicidade limitante",210,"SOnHe 2024 — FONTE SECUNDÁRIA, SETOR PRIVADO, REFERÊNCIA A VALIDAR"
Pênis,adjuvante,Esquema TIP,,Ifosfamida,1.200,mg/m²,EV,D1 a D3,21-28,4,,,,"periodicidade: Adjuvante: a cada 21 a 28 dias, 4 ciclos Paliativo: a cada 21 a 28 dias, até progressão de doença ou toxicidade limitante",210,"SOnHe 2024 — FONTE SECUNDÁRIA, SETOR PRIVADO, REFERÊNCIA A VALIDAR"
Pênis,adjuvante,Esquema TIP,,Mesna,600,mg/m²,EV,D1 a D3,21-28,4,,,,"0 e 4h após Ifosfamida | texto do manual: ""Mesna 600 mg/m² (0 e 4h após Ifosfamida) EV D1 a D3"" | periodicidade: Adjuvante: a cada 21 a 28 dias, 4 ciclos Paliativo: a cada 21 a 28 dias, até progressão de doença ou toxicidade limitante",210,"SOnHe 2024 — FONTE SECUNDÁRIA, SETOR PRIVADO, REFERÊNCIA A VALIDAR"
Pênis,paliativo/metastático,Esquema TIP,,Paclitaxel,175,mg/m²,EV,D1,21-28,até progressão/toxicidade,,,,"periodicidade: Adjuvante: a cada 21 a 28 dias, 4 ciclos Paliativo: a cada 21 a 28 dias, até progressão de doença ou toxicidade limitante",210,"SOnHe 2024 — FONTE SECUNDÁRIA, SETOR PRIVADO, REFERÊNCIA A VALIDAR"
Pênis,paliativo/metastático,Esquema TIP,,Cisplatina,25,mg/m²,EV,D1 a D3,21-28,até progressão/toxicidade,,,,"periodicidade: Adjuvante: a cada 21 a 28 dias, 4 ciclos Paliativo: a cada 21 a 28 dias, até progressão de doença ou toxicidade limitante",210,"SOnHe 2024 — FONTE SECUNDÁRIA, SETOR PRIVADO, REFERÊNCIA A VALIDAR"
Pênis,paliativo/metastático,Esquema TIP,,Ifosfamida,1.200,mg/m²,EV,D1 a D3,21-28,até progressão/toxicidade,,,,"periodicidade: Adjuvante: a cada 21 a 28 dias, 4 ciclos Paliativo: a cada 21 a 28 dias, até progressão de doença ou toxicidade limitante",210,"SOnHe 2024 — FONTE SECUNDÁRIA, SETOR PRIVADO, REFERÊNCIA A VALIDAR"
Pênis,paliativo/metastático,Esquema TIP,,Mesna,600,mg/m²,EV,D1 a D3,21-28,até progressão/toxicidade,,,,"0 e 4h após Ifosfamida | texto do manual: ""Mesna 600 mg/m² (0 e 4h após Ifosfamida) EV D1 a D3"" | periodicidade: Adjuvante: a cada 21 a 28 dias, 4 ciclos Paliativo: a cada 21 a 28 dias, até progressão de doença ou toxicidade limitante",210,"SOnHe 2024 — FONTE SECUNDÁRIA, SETOR PRIVADO, REFERÊNCIA A VALIDAR"
Pênis,paliativo/metastático,Esquema TPF,,Docetaxel,75,mg/m²,EV,D1,21-28,até progressão/toxicidade,,,,"periodicidade: A cada 21 a 28 dias, até progressão de doença ou toxicidade limitante",211,"SOnHe 2024 — FONTE SECUNDÁRIA, SETOR PRIVADO, REFERÊNCIA A VALIDAR"
Pênis,paliativo/metastático,Esquema TPF,,Cisplatina,75,mg/m²,EV,D3,21-28,até progressão/toxicidade,,,,"periodicidade: A cada 21 a 28 dias, até progressão de doença ou toxicidade limitante",211,"SOnHe 2024 — FONTE SECUNDÁRIA, SETOR PRIVADO, REFERÊNCIA A VALIDAR"
Pênis,paliativo/metastático,Esquema TPF,,5-Fluorouracil,3.000,mg/m²,EV,D1,21-28,até progressão/toxicidade,96 h (bomba de infusão),,,"periodicidade: A cada 21 a 28 dias, até progressão de doença ou toxicidade limitante",211,"SOnHe 2024 — FONTE SECUNDÁRIA, SETOR PRIVADO, REFERÊNCIA A VALIDAR"
Pênis,paliativo/metastático,CDDP + Gencitabina,,Cisplatina,50,mg/m²,EV,D1,28,até progressão/toxicidade,,,,"periodicidade: A cada 28 dias, até progressão de doença ou toxicidade limitante",211,"SOnHe 2024 — FONTE SECUNDÁRIA, SETOR PRIVADO, REFERÊNCIA A VALIDAR"
Pênis,paliativo/metastático,CDDP + Gencitabina,,Gencitabina,1.250,mg/m²,EV,D1/D15,28,até progressão/toxicidade,,,,"periodicidade: A cada 28 dias, até progressão de doença ou toxicidade limitante",211,"SOnHe 2024 — FONTE SECUNDÁRIA, SETOR PRIVADO, REFERÊNCIA A VALIDAR"
Pênis,paliativo/metastático,CDDP + 5-FU,,Cisplatina,75,mg/m²,EV,D1,21,até progressão/toxicidade,,,,"periodicidade: A cada 21 dias, até progressão de doença ou toxicidade limitante",211,"SOnHe 2024 — FONTE SECUNDÁRIA, SETOR PRIVADO, REFERÊNCIA A VALIDAR"
Pênis,paliativo/metastático,CDDP + 5-FU,,5-Fluorouracil,3.200 a 4.000,mg/m²,EV,D1 a D4,21,até progressão/toxicidade,96 h (bomba de infusão),,,"periodicidade: A cada 21 dias, até progressão de doença ou toxicidade limitante",211,"SOnHe 2024 — FONTE SECUNDÁRIA, SETOR PRIVADO, REFERÊNCIA A VALIDAR"
Pênis,concomitante à RT,CDDP semanal (+RT),,Cisplatina,40,mg/m²,EV,D1,7,7,,,,"periodicidade: Semanalmente, 7 ciclos (concomitante à RT)",212,"SOnHe 2024 — FONTE SECUNDÁRIA, SETOR PRIVADO, REFERÊNCIA A VALIDAR"
Pênis,paliativo/metastático,CDDP + Irinotecano,,Cisplatina,50,mg/m²,EV,D1,28,até progressão/toxicidade,,,,"periodicidade: A cada 28 dias, até progressão de doença ou toxicidade limitante",212,"SOnHe 2024 — FONTE SECUNDÁRIA, SETOR PRIVADO, REFERÊNCIA A VALIDAR"
Pênis,paliativo/metastático,CDDP + Irinotecano,,Irinotecano,60,mg/m²,EV,D1/D8/D15,28,até progressão/toxicidade,,,,"periodicidade: A cada 28 dias, até progressão de doença ou toxicidade limitante",212,"SOnHe 2024 — FONTE SECUNDÁRIA, SETOR PRIVADO, REFERÊNCIA A VALIDAR"
Pênis,paliativo/metastático,Carboplatina + Paclitaxel,,Carboplatina,5,AUC,EV,D1,21,até progressão/toxicidade,,,,"periodicidade: A cada 21 dias, até progressão de doença ou toxicidade limitante",212,"SOnHe 2024 — FONTE SECUNDÁRIA, SETOR PRIVADO, REFERÊNCIA A VALIDAR"
Pênis,paliativo/metastático,Carboplatina + Paclitaxel,,Paclitaxel,175,mg/m²,EV,D1,21,até progressão/toxicidade,,,,"periodicidade: A cada 21 dias, até progressão de doença ou toxicidade limitante",212,"SOnHe 2024 — FONTE SECUNDÁRIA, SETOR PRIVADO, REFERÊNCIA A VALIDAR"
Pênis,paliativo/metastático,Paclitaxel monoterapia,,Paclitaxel,175,mg/m²,EV,D1,21,até progressão/toxicidade,,,,"periodicidade: A cada 21 dias, até progressão de doença ou toxicidade limitante",212,"SOnHe 2024 — FONTE SECUNDÁRIA, SETOR PRIVADO, REFERÊNCIA A VALIDAR"
Testículo,adjuvante,Carboplatina adjuvante,,Carboplatina,7,AUC,EV,D1,21,1,,,,"periodicidade: A cada 21 dias, 1 ciclo",225,"SOnHe 2024 — FONTE SECUNDÁRIA, SETOR PRIVADO, REFERÊNCIA A VALIDAR"
Testículo,,Esquema BEP,,Cisplatina,20,mg/m²,EV,D1 a D5,21,3 a 4,,,,"periodicidade: A cada 21 dias, 3 a 4 ciclos",225,"SOnHe 2024 — FONTE SECUNDÁRIA, SETOR PRIVADO, REFERÊNCIA A VALIDAR"
Testículo,,Esquema BEP,,Etoposídeo,100,mg/m²,EV,D1 a D5,21,3 a 4,,,,"periodicidade: A cada 21 dias, 3 a 4 ciclos",225,"SOnHe 2024 — FONTE SECUNDÁRIA, SETOR PRIVADO, REFERÊNCIA A VALIDAR"
Testículo,,Esquema BEP,,Bleomicina,30 U,fixa,EV,D1/D8/D15,21,3 a 4,,,,"periodicidade: A cada 21 dias, 3 a 4 ciclos",225,"SOnHe 2024 — FONTE SECUNDÁRIA, SETOR PRIVADO, REFERÊNCIA A VALIDAR"
Testículo,,EP,,Cisplatina,20,mg/m²,EV,D1 a D5,21,3 a 4,,,,"periodicidade: A cada 21 dias, 3 a 4 ciclos",226,"SOnHe 2024 — FONTE SECUNDÁRIA, SETOR PRIVADO, REFERÊNCIA A VALIDAR"
Testículo,,EP,,Etoposídeo,100,mg/m²,EV,D1 a D5,21,3 a 4,,,,"periodicidade: A cada 21 dias, 3 a 4 ciclos",226,"SOnHe 2024 — FONTE SECUNDÁRIA, SETOR PRIVADO, REFERÊNCIA A VALIDAR"
Testículo,,TIP,,Paclitaxel,250,mg/m²,EV,D1,21,2 a 4,24 h (bomba de infusão),,,"periodicidade: A cada 21 dias, 2 a 4 ciclos",226,"SOnHe 2024 — FONTE SECUNDÁRIA, SETOR PRIVADO, REFERÊNCIA A VALIDAR"
Testículo,,TIP,,Ifosfamida,1.500,mg/m²,EV,D2 a D5,21,2 a 4,,,,"periodicidade: A cada 21 dias, 2 a 4 ciclos",226,"SOnHe 2024 — FONTE SECUNDÁRIA, SETOR PRIVADO, REFERÊNCIA A VALIDAR"
Testículo,,TIP,,Mesna,750,mg/m²,EV,D2 a D5,21,2 a 4,,,,"0 e 4h após a Ifosfamida | texto do manual: ""Mesna 750 mg/m² EV (0 e 4h após a Ifosfamida) D2 a D5"" | periodicidade: A cada 21 dias, 2 a 4 ciclos",226,"SOnHe 2024 — FONTE SECUNDÁRIA, SETOR PRIVADO, REFERÊNCIA A VALIDAR"
Testículo,,TIP,,Cisplatina,25,mg/m²,EV,D2 a D5,21,2 a 4,,,,"periodicidade: A cada 21 dias, 2 a 4 ciclos",226,"SOnHe 2024 — FONTE SECUNDÁRIA, SETOR PRIVADO, REFERÊNCIA A VALIDAR"
Testículo,,TIP,,Filgrastima,300 mcg,fixa,SC,D7 a D18,21,2 a 4,,,,"periodicidade: A cada 21 dias, 2 a 4 ciclos",226,"SOnHe 2024 — FONTE SECUNDÁRIA, SETOR PRIVADO, REFERÊNCIA A VALIDAR"
Testículo,,VIP,,Etoposídeo,75,mg/m²,EV,D1,21,4,,,,"periodicidade: A cada 21 dias, 4 ciclos",226,"SOnHe 2024 — FONTE SECUNDÁRIA, SETOR PRIVADO, REFERÊNCIA A VALIDAR"
Testículo,,VIP,,Ifosfamida,1.200,mg/m²,EV,D1 a D5,21,4,,,,"periodicidade: A cada 21 dias, 4 ciclos",226,"SOnHe 2024 — FONTE SECUNDÁRIA, SETOR PRIVADO, REFERÊNCIA A VALIDAR"
Testículo,,VIP,,Mesna,600,mg/m²,EV,D1 a D5,21,4,,,,"0 e 4h após a Ifosfamida | texto do manual: ""Mesna 600 mg/m² EV (0 e 4h após a Ifosfamida) D1 a D5"" | periodicidade: A cada 21 dias, 4 ciclos",226,"SOnHe 2024 — FONTE SECUNDÁRIA, SETOR PRIVADO, REFERÊNCIA A VALIDAR"
Testículo,,VIP,,Cisplatina,20,mg/m²,EV,D1 a D5,21,4,,,,"periodicidade: A cada 21 dias, 4 ciclos",226,"SOnHe 2024 — FONTE SECUNDÁRIA, SETOR PRIVADO, REFERÊNCIA A VALIDAR"
Testículo,,VIP,,Filgrastim,300 mcg,fixa,SC,D7 a D18,21,4,,,,"periodicidade: A cada 21 dias, 4 ciclos",226,"SOnHe 2024 — FONTE SECUNDÁRIA, SETOR PRIVADO, REFERÊNCIA A VALIDAR"
Testículo,,VeIP,,Vinblastina,"0,11",mg/kg,EV,D1,21,4,,,,"periodicidade: A cada 21 dias, 4 ciclos",227,"SOnHe 2024 — FONTE SECUNDÁRIA, SETOR PRIVADO, REFERÊNCIA A VALIDAR"
Testículo,,VeIP,,Ifosfamida,1.200,mg/m²,EV,D1 a D5,21,4,,,,"periodicidade: A cada 21 dias, 4 ciclos",227,"SOnHe 2024 — FONTE SECUNDÁRIA, SETOR PRIVADO, REFERÊNCIA A VALIDAR"
Testículo,,VeIP,,Mesna,600,mg/m²,EV,D1 a D5,21,4,,,,"0 e 4h após a Ifosfamida | texto do manual: ""Mesna 600 mg/m² EV (0 e 4h após a Ifosfamida) D1 a D5"" | periodicidade: A cada 21 dias, 4 ciclos",227,"SOnHe 2024 — FONTE SECUNDÁRIA, SETOR PRIVADO, REFERÊNCIA A VALIDAR"
Testículo,,VeIP,,Cisplatina,20,mg/m²,EV,D1 a D5,21,4,,,,"periodicidade: A cada 21 dias, 4 ciclos",227,"SOnHe 2024 — FONTE SECUNDÁRIA, SETOR PRIVADO, REFERÊNCIA A VALIDAR"
Testículo,,VeIP,,Filgrastima,300 mcg,fixa,SC,D7 a D18,21,4,,,,"periodicidade: A cada 21 dias, 4 ciclos",227,"SOnHe 2024 — FONTE SECUNDÁRIA, SETOR PRIVADO, REFERÊNCIA A VALIDAR"
Testículo,paliativo/metastático,GemOx,,Gemcitabina,1000,mg/m²,EV,D1 e D8,21,até progressão/toxicidade,,,,"periodicidade: A cada 21 dias, até progressão de doença ou toxicidade limitante",227,"SOnHe 2024 — FONTE SECUNDÁRIA, SETOR PRIVADO, REFERÊNCIA A VALIDAR"
Testículo,paliativo/metastático,GemOx,,Oxaliplatina,130,mg/m²,EV,D1,21,até progressão/toxicidade,,,,"periodicidade: A cada 21 dias, até progressão de doença ou toxicidade limitante",227,"SOnHe 2024 — FONTE SECUNDÁRIA, SETOR PRIVADO, REFERÊNCIA A VALIDAR"
Pele não-melanoma,paliativo/metastático,Avelumabe,,Avelumabe,10,mg/kg,EV,D1,14,até progressão/toxicidade,,,,"periodicidade: A cada 14 dias, até progressão de doença ou toxicidade limitante",236,"SOnHe 2024 — FONTE SECUNDÁRIA, SETOR PRIVADO, REFERÊNCIA A VALIDAR"
Pele não-melanoma,paliativo/metastático,Vismodegibe,,Vismodegibe,150 mg,fixa,VO,1x/dia,contínuo,até progressão/toxicidade,,,,"periodicidade: Continuamente, até progressão de doença ou toxicidade limitante",237,"SOnHe 2024 — FONTE SECUNDÁRIA, SETOR PRIVADO, REFERÊNCIA A VALIDAR"
Pele não-melanoma,paliativo/metastático,Cemiplimabe,,Cemiplimabe,350 mg,fixa,EV,D1,21,até progressão/toxicidade,,,,"periodicidade: A cada 21 dias, até progressão de doença ou toxicidade limitante",237,"SOnHe 2024 — FONTE SECUNDÁRIA, SETOR PRIVADO, REFERÊNCIA A VALIDAR"
Pele não-melanoma,paliativo/metastático,CDDP q21d,,Cisplatina,100,mg/m²,EV,D1,21,até progressão/toxicidade,,,,"periodicidade: A cada 21 dias, até progressão de doença ou toxicidade limitante.",237,"SOnHe 2024 — FONTE SECUNDÁRIA, SETOR PRIVADO, REFERÊNCIA A VALIDAR"
Pele não-melanoma,concomitante à RT,CDDP semanal (+RT),,Cisplatina,40,mg/m²,EV,D1,7,6 semanas,,,,"periodicidade: Semanalmente, 6 semanas (concomitante à RT)",237,"SOnHe 2024 — FONTE SECUNDÁRIA, SETOR PRIVADO, REFERÊNCIA A VALIDAR"
Pele não-melanoma,concomitante à RT,Carboplatina semanal (+RT),,Carboplatina,2,AUC,EV,D1,7,6 semanas,,,,"periodicidade: Semanalmente, 6 semanas (concomitante à RT)",238,"SOnHe 2024 — FONTE SECUNDÁRIA, SETOR PRIVADO, REFERÊNCIA A VALIDAR"
Pele não-melanoma,paliativo/metastático,CDDP + Etoposídeo,,Cisplatina,80,mg/m²,EV,D1,21,até progressão/toxicidade,,,,"periodicidade: A cada 21 dias, até progressão de doença ou toxicidade limitante",238,"SOnHe 2024 — FONTE SECUNDÁRIA, SETOR PRIVADO, REFERÊNCIA A VALIDAR"
Pele não-melanoma,paliativo/metastático,CDDP + Etoposídeo,,Etoposideo,100,mg/m²,EV,D1 a D3,21,até progressão/toxicidade,,,,"periodicidade: A cada 21 dias, até progressão de doença ou toxicidade limitante",238,"SOnHe 2024 — FONTE SECUNDÁRIA, SETOR PRIVADO, REFERÊNCIA A VALIDAR"
Pele não-melanoma,paliativo/metastático,CDDP + Irinotecano,,Cisplatina,30,mg/m²,EV,D1/D8,21,até progressão/toxicidade,,,,"periodicidade: A cada 21 dias, até progressão de doença ou toxicidade limitante",238,"SOnHe 2024 — FONTE SECUNDÁRIA, SETOR PRIVADO, REFERÊNCIA A VALIDAR"
Pele não-melanoma,paliativo/metastático,CDDP + Irinotecano,,Irinotecano,60,mg/m²,EV,D1/D8,21,até progressão/toxicidade,,,,"periodicidade: A cada 21 dias, até progressão de doença ou toxicidade limitante",238,"SOnHe 2024 — FONTE SECUNDÁRIA, SETOR PRIVADO, REFERÊNCIA A VALIDAR"
Pele não-melanoma,paliativo/metastático,Carboplatina + Paclitaxel,,Carboplatina,5,AUC,EV,D1,21,até progressão/toxicidade,,,,"periodicidade: A cada 21 dias, até progressão de doença ou toxicidade limitante",238,"SOnHe 2024 — FONTE SECUNDÁRIA, SETOR PRIVADO, REFERÊNCIA A VALIDAR"
Pele não-melanoma,paliativo/metastático,Carboplatina + Paclitaxel,,Paclitaxel,175,mg/m²,EV,D1,21,até progressão/toxicidade,,,,"periodicidade: A cada 21 dias, até progressão de doença ou toxicidade limitante",238,"SOnHe 2024 — FONTE SECUNDÁRIA, SETOR PRIVADO, REFERÊNCIA A VALIDAR"
Pele não-melanoma,paliativo/metastático,Carboplatina monoterapia,,Carboplatina,5,AUC,EV,D1,21,até progressão/toxicidade,,,,"periodicidade: A cada 21 dias, até progressão de doença ou toxicidade limitante",239,"SOnHe 2024 — FONTE SECUNDÁRIA, SETOR PRIVADO, REFERÊNCIA A VALIDAR"
Pele não-melanoma,paliativo/metastático,Paclitaxel monoterapia,,Paclitaxel,175,mg/m²,EV,D1,21,até progressão/toxicidade,,,,"periodicidade: A cada 21 dias, até progressão de doença ou toxicidade limitante",239,"SOnHe 2024 — FONTE SECUNDÁRIA, SETOR PRIVADO, REFERÊNCIA A VALIDAR"
Melanoma,adjuvante,Pembrolizumabe q21d,,Pembrolizumabe,200 mg,fixa,EV,D1,21,18,,,,"periodicidade: Adjuvante: a cada 21 dias, 18 ciclos Paliativo: a cada 21 dias, até progressão de doença ou toxicidade limitante ou 35 ciclos",244,"SOnHe 2024 — FONTE SECUNDÁRIA, SETOR PRIVADO, REFERÊNCIA A VALIDAR"
Melanoma,paliativo/metastático,Pembrolizumabe q21d,,Pembrolizumabe,200 mg,fixa,EV,D1,21,35; até progressão/toxicidade,,,,"periodicidade: Adjuvante: a cada 21 dias, 18 ciclos Paliativo: a cada 21 dias, até progressão de doença ou toxicidade limitante ou 35 ciclos",244,"SOnHe 2024 — FONTE SECUNDÁRIA, SETOR PRIVADO, REFERÊNCIA A VALIDAR"
Melanoma,adjuvante,Pembrolizumabe q42d,,Pembrolizumabe,400 mg,fixa,EV,D1,42,9,,,,"periodicidade: Adjuvante: a cada 42 dias, 9 ciclos Paliativo: a cada 42 dias, até progressão de doença ou toxicidade limitante ou 18 ciclos",244,"SOnHe 2024 — FONTE SECUNDÁRIA, SETOR PRIVADO, REFERÊNCIA A VALIDAR"
Melanoma,paliativo/metastático,Pembrolizumabe q42d,,Pembrolizumabe,400 mg,fixa,EV,D1,42,18; até progressão/toxicidade,,,,"periodicidade: Adjuvante: a cada 42 dias, 9 ciclos Paliativo: a cada 42 dias, até progressão de doença ou toxicidade limitante ou 18 ciclos",244,"SOnHe 2024 — FONTE SECUNDÁRIA, SETOR PRIVADO, REFERÊNCIA A VALIDAR"
Melanoma,adjuvante,Nivolumabe adjuvante,,Nivolumabe,3,mg/kg,EV,D1,21,1 ano,,,,"periodicidade: A cada 21 dias, por 1 ano",244,"SOnHe 2024 — FONTE SECUNDÁRIA, SETOR PRIVADO, REFERÊNCIA A VALIDAR"
Melanoma,paliativo/metastático,Nivolumabe paliativo quinzenal,,Nivolumabe,3,mg/kg,EV,D1,14,até progressão/toxicidade,,,,"ou 240 mg dose fixa | texto do manual: ""Nivolumabe 3 mg/kg (ou 240 mg dose fixa) EV D1"" | periodicidade: A cada 14 dias, até progressão de doença ou toxicidade limitante ou 2 anos",245,"SOnHe 2024 — FONTE SECUNDÁRIA, SETOR PRIVADO, REFERÊNCIA A VALIDAR"
Melanoma,paliativo/metastático,Nivolumabe paliativo mensal,,Nivolumabe,480 mg,fixa,EV,D1,28,até progressão/toxicidade,,,,"periodicidade: A cada 28 dias, até progressão de doença ou toxicidade limitante ou 2 anos",245,"SOnHe 2024 — FONTE SECUNDÁRIA, SETOR PRIVADO, REFERÊNCIA A VALIDAR"
Melanoma,,Nivolumabe + Ipilimumabe (dose-padrão) Fase 1 (indução),,Nivolumabe,1,mg/kg,EV,D1,21,4,,,,"periodicidade: A cada 21 dias, 4 ciclos",245,"SOnHe 2024 — FONTE SECUNDÁRIA, SETOR PRIVADO, REFERÊNCIA A VALIDAR"
Melanoma,,Nivolumabe + Ipilimumabe (dose-padrão) Fase 1 (indução),,Ipilimumabe,3,mg/kg,EV,D1,21,4,,,,"periodicidade: A cada 21 dias, 4 ciclos",245,"SOnHe 2024 — FONTE SECUNDÁRIA, SETOR PRIVADO, REFERÊNCIA A VALIDAR"
Melanoma,manutenção,Nivolumabe + Ipilimumabe (dose-padrão) Fase 2 (manutenção),,Nivolumabe,3,mg/kg,EV,D1,14,até progressão/toxicidade,,,,"periodicidade: A cada 14 dias, até progressão de doença ou toxicidade limitante",245,"SOnHe 2024 — FONTE SECUNDÁRIA, SETOR PRIVADO, REFERÊNCIA A VALIDAR"
Melanoma,,Nivolumabe + Ipilimumabe (dose-alternativa) Fase 1 (indução),,Nivolumabe,3,mg/kg,EV,D1,21,4,,,,"periodicidade: A cada 21 dias, 4 ciclos",246,"SOnHe 2024 — FONTE SECUNDÁRIA, SETOR PRIVADO, REFERÊNCIA A VALIDAR"
Melanoma,,Nivolumabe + Ipilimumabe (dose-alternativa) Fase 1 (indução),,Ipilimumabe,1,mg/kg,EV,D1,21,4,,,,"periodicidade: A cada 21 dias, 4 ciclos",246,"SOnHe 2024 — FONTE SECUNDÁRIA, SETOR PRIVADO, REFERÊNCIA A VALIDAR"
Melanoma,manutenção,Nivolumabe + Ipilimumabe (dose-alternativa) Fase 2 (manutenção),,Nivolumabe,3,mg/kg,EV,D1,14,até progressão/toxicidade,,,,"periodicidade: A cada 14 dias, até progressão de doença ou toxicidade limitante",246,"SOnHe 2024 — FONTE SECUNDÁRIA, SETOR PRIVADO, REFERÊNCIA A VALIDAR"
Melanoma,adjuvante,Dabrafenibe + Trametinibe,,Dabrafenibe,150 mg,fixa,VO,12/12h,contínuo,1 ano,,,,"periodicidade: Adjuvante: continuamente, por 1 ano Paliativo: continuamente, até progressão de doença ou toxicidade limitante",246,"SOnHe 2024 — FONTE SECUNDÁRIA, SETOR PRIVADO, REFERÊNCIA A VALIDAR"
Melanoma,adjuvante,Dabrafenibe + Trametinibe,,Trametinibe,2 mg,fixa,VO,1x/dia,contínuo,1 ano,,,,"periodicidade: Adjuvante: continuamente, por 1 ano Paliativo: continuamente, até progressão de doença ou toxicidade limitante",246,"SOnHe 2024 — FONTE SECUNDÁRIA, SETOR PRIVADO, REFERÊNCIA A VALIDAR"
Melanoma,paliativo/metastático,Dabrafenibe + Trametinibe,,Dabrafenibe,150 mg,fixa,VO,12/12h,contínuo,até progressão/toxicidade,,,,"periodicidade: Adjuvante: continuamente, por 1 ano Paliativo: continuamente, até progressão de doença ou toxicidade limitante",246,"SOnHe 2024 — FONTE SECUNDÁRIA, SETOR PRIVADO, REFERÊNCIA A VALIDAR"
Melanoma,paliativo/metastático,Dabrafenibe + Trametinibe,,Trametinibe,2 mg,fixa,VO,1x/dia,contínuo,até progressão/toxicidade,,,,"periodicidade: Adjuvante: continuamente, por 1 ano Paliativo: continuamente, até progressão de doença ou toxicidade limitante",246,"SOnHe 2024 — FONTE SECUNDÁRIA, SETOR PRIVADO, REFERÊNCIA A VALIDAR"
Melanoma,paliativo/metastático,Vemurafenibe + Cobimetinibe,,Vemurafenibe,960 mg,fixa,VO,12/12h,contínuo,até progressão/toxicidade,,,,"periodicidade: Continuamente, até progressão de doença ou toxicidade limitante",247,"SOnHe 2024 — FONTE SECUNDÁRIA, SETOR PRIVADO, REFERÊNCIA A VALIDAR"
Melanoma,paliativo/metastático,Vemurafenibe + Cobimetinibe,,Cobimetinibe,60 mg,fixa,VO,1x/dia,contínuo,até progressão/toxicidade,,,,"periodicidade: Continuamente, até progressão de doença ou toxicidade limitante",247,"SOnHe 2024 — FONTE SECUNDÁRIA, SETOR PRIVADO, REFERÊNCIA A VALIDAR"
Melanoma,paliativo/metastático,Encorafenibe + binimetinibe,,Encorafenibe,450 mg,fixa,VO,1x/dia,contínuo,até progressão/toxicidade,,,,"periodicidade: Continuamente, até progressão de doença ou toxicidade limitante",247,"SOnHe 2024 — FONTE SECUNDÁRIA, SETOR PRIVADO, REFERÊNCIA A VALIDAR"
Melanoma,paliativo/metastático,Encorafenibe + binimetinibe,,Binimetinibe,45 mg,fixa,VO,12/12h,contínuo,até progressão/toxicidade,,,,"periodicidade: Continuamente, até progressão de doença ou toxicidade limitante",247,"SOnHe 2024 — FONTE SECUNDÁRIA, SETOR PRIVADO, REFERÊNCIA A VALIDAR"
Melanoma,paliativo/metastático,Relatlimabe + Nivolumabe,,Relatlimabe,160 mg,fixa,EV,D1,28,até progressão/toxicidade,,,,"periodicidade: A cada 28 dias, até progressão de doença ou toxicidade limitante",247,"SOnHe 2024 — FONTE SECUNDÁRIA, SETOR PRIVADO, REFERÊNCIA A VALIDAR"
Melanoma,paliativo/metastático,Relatlimabe + Nivolumabe,,Nivolumabe,480 mg,fixa,EV,D1,28,até progressão/toxicidade,,,,"periodicidade: A cada 28 dias, até progressão de doença ou toxicidade limitante",247,"SOnHe 2024 — FONTE SECUNDÁRIA, SETOR PRIVADO, REFERÊNCIA A VALIDAR"
Melanoma,paliativo/metastático,Imatinibe,,Imatinibe,400 mg,fixa,VO,1x/dia,contínuo,até progressão/toxicidade,,,,"periodicidade: Continuamente, até progressão de doença ou toxicidade limitante",248,"SOnHe 2024 — FONTE SECUNDÁRIA, SETOR PRIVADO, REFERÊNCIA A VALIDAR"
Melanoma,paliativo/metastático,Dacarbazina,,Dacarbazina,1.000,mg/m²,EV,D1,21,até progressão/toxicidade,,,,"periodicidade: A cada 21 dias, até progressão de doença ou toxicidade limitante",248,"SOnHe 2024 — FONTE SECUNDÁRIA, SETOR PRIVADO, REFERÊNCIA A VALIDAR"
Melanoma,paliativo/metastático,Esquema CVD,,Cisplatina,20,mg/m²,EV,D1 a D4,21,até progressão/toxicidade,,,,"periodicidade: A cada 21 dias, até progressão de doença ou toxicidade limitante",248,"SOnHe 2024 — FONTE SECUNDÁRIA, SETOR PRIVADO, REFERÊNCIA A VALIDAR"
Melanoma,paliativo/metastático,Esquema CVD,,Vimblastina,"1,6",mg/m²,EV,D1 a D5,21,até progressão/toxicidade,,,,"periodicidade: A cada 21 dias, até progressão de doença ou toxicidade limitante",248,"SOnHe 2024 — FONTE SECUNDÁRIA, SETOR PRIVADO, REFERÊNCIA A VALIDAR"
Melanoma,paliativo/metastático,Esquema CVD,,Dacarbazina,800,mg/m²,EV,D1,21,até progressão/toxicidade,,,,"periodicidade: A cada 21 dias, até progressão de doença ou toxicidade limitante",248,"SOnHe 2024 — FONTE SECUNDÁRIA, SETOR PRIVADO, REFERÊNCIA A VALIDAR"
Pulmão CPNPC,adjuvante,CDDP + Vinorelbine VO (adjuvante),,Cisplatina,80,mg/m²,EV,D1,21,4,,,,"periodicidade: A cada 21 dias, 4 ciclos;",267,"SOnHe 2024 — FONTE SECUNDÁRIA, SETOR PRIVADO, REFERÊNCIA A VALIDAR"
Pulmão CPNPC,adjuvante,CDDP + Vinorelbine VO (adjuvante),,Vinorelbine,80,mg/m²,VO,D1/D8; 1x/dia,21,4,,,,"periodicidade: A cada 21 dias, 4 ciclos;",267,"SOnHe 2024 — FONTE SECUNDÁRIA, SETOR PRIVADO, REFERÊNCIA A VALIDAR"
Pulmão CPNPC,adjuvante,CDDP + Vinorelbine EV (adjuvante),,Cisplatina,50,mg/m²,EV,D1/D8,28,4,,,,"periodicidade: A cada 28 dias, 4 ciclos;",267,"SOnHe 2024 — FONTE SECUNDÁRIA, SETOR PRIVADO, REFERÊNCIA A VALIDAR"
Pulmão CPNPC,adjuvante,CDDP + Vinorelbine EV (adjuvante),,Vinorelbine,25,mg/m²,EV,D1/D8/D15/D22,28,4,,,,"periodicidade: A cada 28 dias, 4 ciclos;",267,"SOnHe 2024 — FONTE SECUNDÁRIA, SETOR PRIVADO, REFERÊNCIA A VALIDAR"
Pulmão CPNPC,adjuvante; paliativo,CDDP + Etoposídeo (adjuvante/paliativo),,Cisplatina,100,mg/m²,EV,D1,21,4,,,,"periodicidade: A cada 21 dias, 4 ciclos;",268,"SOnHe 2024 — FONTE SECUNDÁRIA, SETOR PRIVADO, REFERÊNCIA A VALIDAR"
Pulmão CPNPC,adjuvante; paliativo,CDDP + Etoposídeo (adjuvante/paliativo),,Etoposídeo,100,mg/m²,EV,D1 a D3,21,4,,,,"periodicidade: A cada 21 dias, 4 ciclos;",268,"SOnHe 2024 — FONTE SECUNDÁRIA, SETOR PRIVADO, REFERÊNCIA A VALIDAR"
Pulmão CPNPC,concomitante à RT,CDDP + Etoposídeo (+RT),,Cisplatina,50,mg/m²,EV,D1/D8,21,2,,,,"periodicidade: A cada 21 dias, 2 ciclos (concomitante à RT);",268,"SOnHe 2024 — FONTE SECUNDÁRIA, SETOR PRIVADO, REFERÊNCIA A VALIDAR"
Pulmão CPNPC,concomitante à RT,CDDP + Etoposídeo (+RT),,Etoposídeo,50,mg/m²,EV,D1 a D5,21,2,,,,"periodicidade: A cada 21 dias, 2 ciclos (concomitante à RT);",268,"SOnHe 2024 — FONTE SECUNDÁRIA, SETOR PRIVADO, REFERÊNCIA A VALIDAR"
Pulmão CPNPC,adjuvante,CDDP + Pemetrexede (adjuvante),,Cisplatina,75,mg/m²,EV,D1,21,4,,,,"periodicidade: A cada 21 dias, 4 ciclos;",268,"SOnHe 2024 — FONTE SECUNDÁRIA, SETOR PRIVADO, REFERÊNCIA A VALIDAR"
Pulmão CPNPC,adjuvante,CDDP + Pemetrexede (adjuvante),,Pemetrexede,500,mg/m²,EV,D1,21,4,,,,"periodicidade: A cada 21 dias, 4 ciclos;",268,"SOnHe 2024 — FONTE SECUNDÁRIA, SETOR PRIVADO, REFERÊNCIA A VALIDAR"
Pulmão CPNPC,paliativo/metastático,CDDP + Pemetrexede (paliativo),,Cisplatina,80,mg/m²,EV,D1,21,4 a 6; até progressão/toxicidade,,,,"periodicidade: A cada 21 dias, 4 a 6 ciclos; após, manter Pemetrexede até progressão de doença ou toxicidade limitante;",268,"SOnHe 2024 — FONTE SECUNDÁRIA, SETOR PRIVADO, REFERÊNCIA A VALIDAR"
Pulmão CPNPC,paliativo/metastático,CDDP + Pemetrexede (paliativo),,Pemetrexede,500,mg/m²,EV,D1,21,4 a 6; até progressão/toxicidade,,,,"periodicidade: A cada 21 dias, 4 a 6 ciclos; após, manter Pemetrexede até progressão de doença ou toxicidade limitante;",268,"SOnHe 2024 — FONTE SECUNDÁRIA, SETOR PRIVADO, REFERÊNCIA A VALIDAR"
Pulmão CPNPC,concomitante à RT,Carboplatina + Paclitaxel semanal,,Carboplatina,2,AUC,EV,D1,7,7,,,,"periodicidade: Semanalmente, por 7 ciclos (concomitante à RT);",269,"SOnHe 2024 — FONTE SECUNDÁRIA, SETOR PRIVADO, REFERÊNCIA A VALIDAR"
Pulmão CPNPC,concomitante à RT,Carboplatina + Paclitaxel semanal,,Paclitaxel,50,mg/m²,EV,D1,7,7,,,,"periodicidade: Semanalmente, por 7 ciclos (concomitante à RT);",269,"SOnHe 2024 — FONTE SECUNDÁRIA, SETOR PRIVADO, REFERÊNCIA A VALIDAR"
Pulmão CPNPC,adjuvante,Carboplatina + Paclitaxel q21d,,Carboplatina,6,AUC,EV,D1,21,4,,,,"periodicidade: Adjuvante: A cada 21 dias, 4 ciclos; Paliativo: A cada 21 dias, 4 a 6 ciclos;",269,"SOnHe 2024 — FONTE SECUNDÁRIA, SETOR PRIVADO, REFERÊNCIA A VALIDAR"
Pulmão CPNPC,adjuvante,Carboplatina + Paclitaxel q21d,,Paclitaxel,200,mg/m²,EV,D1,21,4,,,,"periodicidade: Adjuvante: A cada 21 dias, 4 ciclos; Paliativo: A cada 21 dias, 4 a 6 ciclos;",269,"SOnHe 2024 — FONTE SECUNDÁRIA, SETOR PRIVADO, REFERÊNCIA A VALIDAR"
Pulmão CPNPC,paliativo/metastático,Carboplatina + Paclitaxel q21d,,Carboplatina,6,AUC,EV,D1,21,4 a 6,,,,"periodicidade: Adjuvante: A cada 21 dias, 4 ciclos; Paliativo: A cada 21 dias, 4 a 6 ciclos;",269,"SOnHe 2024 — FONTE SECUNDÁRIA, SETOR PRIVADO, REFERÊNCIA A VALIDAR"
Pulmão CPNPC,paliativo/metastático,Carboplatina + Paclitaxel q21d,,Paclitaxel,200,mg/m²,EV,D1,21,4 a 6,,,,"periodicidade: Adjuvante: A cada 21 dias, 4 ciclos; Paliativo: A cada 21 dias, 4 a 6 ciclos;",269,"SOnHe 2024 — FONTE SECUNDÁRIA, SETOR PRIVADO, REFERÊNCIA A VALIDAR"
Pulmão CPNPC,paliativo/metastático,Carboplatina + Pemetrexede,,Carboplatina,5,AUC,EV,D1,21,4 a 6; até progressão/toxicidade,,,,"periodicidade: A cada 21 dias, 4 a 6 ciclos; após, manter Pemetrexede até progressão de doença ou toxicidade limitante;",269,"SOnHe 2024 — FONTE SECUNDÁRIA, SETOR PRIVADO, REFERÊNCIA A VALIDAR"
Pulmão CPNPC,paliativo/metastático,Carboplatina + Pemetrexede,,Pemetrexede,500,mg/m²,EV,D1,21,4 a 6; até progressão/toxicidade,,,,"periodicidade: A cada 21 dias, 4 a 6 ciclos; após, manter Pemetrexede até progressão de doença ou toxicidade limitante;",269,"SOnHe 2024 — FONTE SECUNDÁRIA, SETOR PRIVADO, REFERÊNCIA A VALIDAR"
Pulmão CPNPC,paliativo/metastático,Carboplatina + Paclitaxel + Bevacizumabe,,Carboplatina,5,AUC,EV,D1,21,4 a 6; até progressão/toxicidade,,,,"periodicidade: A cada 21 dias, 4 a 6 ciclos; após, manter Bevacizumabe até progressão de doença ou toxicidade limitante;",270,"SOnHe 2024 — FONTE SECUNDÁRIA, SETOR PRIVADO, REFERÊNCIA A VALIDAR"
Pulmão CPNPC,paliativo/metastático,Carboplatina + Paclitaxel + Bevacizumabe,,Paclitaxel,200,mg/m²,EV,D1,21,4 a 6; até progressão/toxicidade,,,,"periodicidade: A cada 21 dias, 4 a 6 ciclos; após, manter Bevacizumabe até progressão de doença ou toxicidade limitante;",270,"SOnHe 2024 — FONTE SECUNDÁRIA, SETOR PRIVADO, REFERÊNCIA A VALIDAR"
Pulmão CPNPC,paliativo/metastático,Carboplatina + Paclitaxel + Bevacizumabe,,Bevacizumabe,15,mg/kg,EV,D1,21,4 a 6; até progressão/toxicidade,,,,"periodicidade: A cada 21 dias, 4 a 6 ciclos; após, manter Bevacizumabe até progressão de doença ou toxicidade limitante;",270,"SOnHe 2024 — FONTE SECUNDÁRIA, SETOR PRIVADO, REFERÊNCIA A VALIDAR"
Pulmão CPNPC,,Carboplatina + Gencitabina,,Carboplatina,5,AUC,EV,D1,21,4 a 6,,,,"periodicidade: A cada 21 dias, 4 a 6 ciclos;",270,"SOnHe 2024 — FONTE SECUNDÁRIA, SETOR PRIVADO, REFERÊNCIA A VALIDAR"
Pulmão CPNPC,,Carboplatina + Gencitabina,,Gencitabina,1.000,mg/m²,EV,D1/D8,21,4 a 6,,,,"periodicidade: A cada 21 dias, 4 a 6 ciclos;",270,"SOnHe 2024 — FONTE SECUNDÁRIA, SETOR PRIVADO, REFERÊNCIA A VALIDAR"
Pulmão CPNPC,,CDDP + Gencitabina,,Cisplatina,80,mg/m²,EV,D1,21,4 a 6,,,,"periodicidade: A cada 21 dias, 4 a 6 ciclos:",270,"SOnHe 2024 — FONTE SECUNDÁRIA, SETOR PRIVADO, REFERÊNCIA A VALIDAR"
Pulmão CPNPC,,CDDP + Gencitabina,,Gencitabina,1.000,mg/m²,EV,D1/D8,21,4 a 6,,,,"periodicidade: A cada 21 dias, 4 a 6 ciclos:",270,"SOnHe 2024 — FONTE SECUNDÁRIA, SETOR PRIVADO, REFERÊNCIA A VALIDAR"
Pulmão CPNPC,paliativo/metastático,Docetaxel + Nintedanibe,,Docetaxel,75,mg/m²,EV,D1,21,até progressão/toxicidade,,,,"periodicidade: A cada 21 dias, até progressão de doença ou toxicidade limitante;",271,"SOnHe 2024 — FONTE SECUNDÁRIA, SETOR PRIVADO, REFERÊNCIA A VALIDAR"
Pulmão CPNPC,paliativo/metastático,Docetaxel + Nintedanibe,,Nintedanibe,200 mg,fixa,VO,D2 a D21; 12/12h,21,até progressão/toxicidade,,,,"periodicidade: A cada 21 dias, até progressão de doença ou toxicidade limitante;",271,"SOnHe 2024 — FONTE SECUNDÁRIA, SETOR PRIVADO, REFERÊNCIA A VALIDAR"
Pulmão CPNPC,paliativo/metastático,Docetaxel + Ramucirumabe,,Docetaxel,75,mg/m²,EV,D1,21,até progressão/toxicidade,,,,"periodicidade: A cada 21 dias, até progressão de doença ou toxicidade limitante;",271,"SOnHe 2024 — FONTE SECUNDÁRIA, SETOR PRIVADO, REFERÊNCIA A VALIDAR"
Pulmão CPNPC,paliativo/metastático,Docetaxel + Ramucirumabe,,Ramucirumabe,10,mg/kg,EV,D1,21,até progressão/toxicidade,,,,"periodicidade: A cada 21 dias, até progressão de doença ou toxicidade limitante;",271,"SOnHe 2024 — FONTE SECUNDÁRIA, SETOR PRIVADO, REFERÊNCIA A VALIDAR"
Pulmão CPNPC,paliativo/metastático,Docetaxel monoterapia,,Docetaxel,75,mg/m²,EV,D1,21,até progressão/toxicidade,,,,"periodicidade: A cada 21 dias, até progressão de doença ou toxicidade limitante.",271,"SOnHe 2024 — FONTE SECUNDÁRIA, SETOR PRIVADO, REFERÊNCIA A VALIDAR"
Pulmão CPNPC,paliativo/metastático,Carboplatina + Paclitaxel + Bevacizumabe + Atezolizumabe,,Carboplatina,6,AUC,EV,D1,21,4 a 6; até progressão/toxicidade,,,,"periodicidade: A cada 21 dias, 4 a 6 ciclos; após, manter Bevacizumabe + Atezolizumabe até progressão de doença ou toxicidade limitante;",272,"SOnHe 2024 — FONTE SECUNDÁRIA, SETOR PRIVADO, REFERÊNCIA A VALIDAR"
Pulmão CPNPC,paliativo/metastático,Carboplatina + Paclitaxel + Bevacizumabe + Atezolizumabe,,Paclitaxel,200,mg/m²,EV,D1,21,4 a 6; até progressão/toxicidade,,,,"periodicidade: A cada 21 dias, 4 a 6 ciclos; após, manter Bevacizumabe + Atezolizumabe até progressão de doença ou toxicidade limitante;",272,"SOnHe 2024 — FONTE SECUNDÁRIA, SETOR PRIVADO, REFERÊNCIA A VALIDAR"
Pulmão CPNPC,paliativo/metastático,Carboplatina + Paclitaxel + Bevacizumabe + Atezolizumabe,,Bevacizumabe,15,mg/kg,EV,D1,21,4 a 6; até progressão/toxicidade,,,,"periodicidade: A cada 21 dias, 4 a 6 ciclos; após, manter Bevacizumabe + Atezolizumabe até progressão de doença ou toxicidade limitante;",272,"SOnHe 2024 — FONTE SECUNDÁRIA, SETOR PRIVADO, REFERÊNCIA A VALIDAR"
Pulmão CPNPC,paliativo/metastático,Carboplatina + Paclitaxel + Bevacizumabe + Atezolizumabe,,Atezolizumabe,1.200 mg,fixa,EV,D1,21,4 a 6; até progressão/toxicidade,,,,"periodicidade: A cada 21 dias, 4 a 6 ciclos; após, manter Bevacizumabe + Atezolizumabe até progressão de doença ou toxicidade limitante;",272,"SOnHe 2024 — FONTE SECUNDÁRIA, SETOR PRIVADO, REFERÊNCIA A VALIDAR"
Pulmão CPNPC,paliativo/metastático,Carboplatina + Nab-Paclitaxel + Atezolizumabe,,Carboplatina,6,AUC,EV,D1,21,4 a 6; até progressão/toxicidade,,,,"periodicidade: A cada 21 dias, 4 a 6 ciclos; após, manter Atezolizumabe até progressão de doença ou toxicidade limitante;",272,"SOnHe 2024 — FONTE SECUNDÁRIA, SETOR PRIVADO, REFERÊNCIA A VALIDAR"
Pulmão CPNPC,paliativo/metastático,Carboplatina + Nab-Paclitaxel + Atezolizumabe,,Nab-Paclitaxel,100,mg/m²,EV,D1/D8/D15,21,4 a 6; até progressão/toxicidade,,,,"periodicidade: A cada 21 dias, 4 a 6 ciclos; após, manter Atezolizumabe até progressão de doença ou toxicidade limitante;",272,"SOnHe 2024 — FONTE SECUNDÁRIA, SETOR PRIVADO, REFERÊNCIA A VALIDAR"
Pulmão CPNPC,paliativo/metastático,Carboplatina + Nab-Paclitaxel + Atezolizumabe,,Atezolizumabe,1.200 mg,fixa,EV,D1,21,4 a 6; até progressão/toxicidade,,,,"periodicidade: A cada 21 dias, 4 a 6 ciclos; após, manter Atezolizumabe até progressão de doença ou toxicidade limitante;",272,"SOnHe 2024 — FONTE SECUNDÁRIA, SETOR PRIVADO, REFERÊNCIA A VALIDAR"
Pulmão CPNPC,paliativo/metastático,Carboplatina + Paclitaxel + Pembrolizumabe,,Pembrolizumabe,200 mg,fixa,EV,D1,21,4; até progressão/toxicidade,,,,"periodicidade: A cada 21 dias, 4 ciclos; após, manter Pembrolizumabe até progressão de doença ou toxicidade limitante ou 35 ciclos;",273,"SOnHe 2024 — FONTE SECUNDÁRIA, SETOR PRIVADO, REFERÊNCIA A VALIDAR"
Pulmão CPNPC,paliativo/metastático,Carboplatina + Paclitaxel + Pembrolizumabe,,Carboplatina,6,AUC,EV,D1,21,4; até progressão/toxicidade,,,,"periodicidade: A cada 21 dias, 4 ciclos; após, manter Pembrolizumabe até progressão de doença ou toxicidade limitante ou 35 ciclos;",273,"SOnHe 2024 — FONTE SECUNDÁRIA, SETOR PRIVADO, REFERÊNCIA A VALIDAR"
Pulmão CPNPC,paliativo/metastático,Carboplatina + Paclitaxel + Pembrolizumabe,,Paclitaxel,200,mg/m²,EV,D1,21,4; até progressão/toxicidade,,,,"periodicidade: A cada 21 dias, 4 ciclos; após, manter Pembrolizumabe até progressão de doença ou toxicidade limitante ou 35 ciclos;",273,"SOnHe 2024 — FONTE SECUNDÁRIA, SETOR PRIVADO, REFERÊNCIA A VALIDAR"
Pulmão CPNPC,paliativo/metastático,Carboplatina + Nab-Paclitaxel + Pembrolizumabe,,Pembrolizumabe,200 mg,fixa,EV,D1,21,4; até progressão/toxicidade,,,,"periodicidade: A cada 21 dias, 4 ciclos; após, manter Pembrolizumabe até progressão de doença ou toxicidade limitante ou 35 ciclos;",273,"SOnHe 2024 — FONTE SECUNDÁRIA, SETOR PRIVADO, REFERÊNCIA A VALIDAR"
Pulmão CPNPC,paliativo/metastático,Carboplatina + Nab-Paclitaxel + Pembrolizumabe,,Carboplatina,6,AUC,EV,D1,21,4; até progressão/toxicidade,,,,"periodicidade: A cada 21 dias, 4 ciclos; após, manter Pembrolizumabe até progressão de doença ou toxicidade limitante ou 35 ciclos;",273,"SOnHe 2024 — FONTE SECUNDÁRIA, SETOR PRIVADO, REFERÊNCIA A VALIDAR"
Pulmão CPNPC,paliativo/metastático,Carboplatina + Nab-Paclitaxel + Pembrolizumabe,,Nab-Paclitaxel,100,mg/m²,EV,D1/D8/D15,21,4; até progressão/toxicidade,,,,"periodicidade: A cada 21 dias, 4 ciclos; após, manter Pembrolizumabe até progressão de doença ou toxicidade limitante ou 35 ciclos;",273,"SOnHe 2024 — FONTE SECUNDÁRIA, SETOR PRIVADO, REFERÊNCIA A VALIDAR"
Pulmão CPNPC,paliativo/metastático,Carboplatina + Pemetrexede + Pembrolizumabe,,Pembrolizumabe,200 mg,fixa,EV,D1,21,4; até progressão/toxicidade,,,,"periodicidade: A cada 21 dias, 4 ciclos; após, manter Pembrolizumabe até progressão de doença ou toxicidade limitante ou 35 ciclos.",273,"SOnHe 2024 — FONTE SECUNDÁRIA, SETOR PRIVADO, REFERÊNCIA A VALIDAR"
Pulmão CPNPC,paliativo/metastático,Carboplatina + Pemetrexede + Pembrolizumabe,,Carboplatina,5,AUC,EV,D1,21,4; até progressão/toxicidade,,,,"periodicidade: A cada 21 dias, 4 ciclos; após, manter Pembrolizumabe até progressão de doença ou toxicidade limitante ou 35 ciclos.",273,"SOnHe 2024 — FONTE SECUNDÁRIA, SETOR PRIVADO, REFERÊNCIA A VALIDAR"
Pulmão CPNPC,paliativo/metastático,Carboplatina + Pemetrexede + Pembrolizumabe,,Pemetrexede,500,mg/m²,,D1,21,4; até progressão/toxicidade,,,,"periodicidade: A cada 21 dias, 4 ciclos; após, manter Pembrolizumabe até progressão de doença ou toxicidade limitante ou 35 ciclos.",273,"SOnHe 2024 — FONTE SECUNDÁRIA, SETOR PRIVADO, REFERÊNCIA A VALIDAR"
Pulmão CPNPC,perioperatório,Cisplatina + Gencitabina + Pembrolizumabe perioperatório,,CDDP,80,mg/m²,EV,D1,21,4,,,,"periodicidade: a cada 21 dias, 4 ciclos",274,"SOnHe 2024 — FONTE SECUNDÁRIA, SETOR PRIVADO, REFERÊNCIA A VALIDAR"
Pulmão CPNPC,perioperatório,Cisplatina + Gencitabina + Pembrolizumabe perioperatório,,Gencitabina,1000,mg/m²,EV,D1/D8,21,4,,,,"periodicidade: a cada 21 dias, 4 ciclos",274,"SOnHe 2024 — FONTE SECUNDÁRIA, SETOR PRIVADO, REFERÊNCIA A VALIDAR"
Pulmão CPNPC,perioperatório,Cisplatina + Gencitabina + Pembrolizumabe perioperatório,,Pembrolizumabe,200 mg,fixa,EV,D1,21,4,,,,"periodicidade: a cada 21 dias, 4 ciclos",274,"SOnHe 2024 — FONTE SECUNDÁRIA, SETOR PRIVADO, REFERÊNCIA A VALIDAR"
Pulmão CPNPC,perioperatório,Cisplatina + Pemetrexede + Pembrolizumabe perioperatório,,Cisplatina,75,mg/m²,EV,D1,21,4,,,,"periodicidade: a cada 21 dias, 4 ciclos",274,"SOnHe 2024 — FONTE SECUNDÁRIA, SETOR PRIVADO, REFERÊNCIA A VALIDAR"
Pulmão CPNPC,perioperatório,Cisplatina + Pemetrexede + Pembrolizumabe perioperatório,,Pemetrexede,500,mg/m²,EV,D1,21,4,,,,"periodicidade: a cada 21 dias, 4 ciclos",274,"SOnHe 2024 — FONTE SECUNDÁRIA, SETOR PRIVADO, REFERÊNCIA A VALIDAR"
Pulmão CPNPC,perioperatório,Cisplatina + Pemetrexede + Pembrolizumabe perioperatório,,Pembrolizumabe,200 mg,fixa,EV,,21,4,,,,"periodicidade: a cada 21 dias, 4 ciclos",274,"SOnHe 2024 — FONTE SECUNDÁRIA, SETOR PRIVADO, REFERÊNCIA A VALIDAR"
Pulmão CPNPC,perioperatório,Cisplatina + Pemetrexede + Nivolumabe perioperatório,,Cisplatina,75,mg/m²,EV,D1,21,3,,,,"periodicidade: a cada 21 dias, 3 ciclos",274,"SOnHe 2024 — FONTE SECUNDÁRIA, SETOR PRIVADO, REFERÊNCIA A VALIDAR"
Pulmão CPNPC,perioperatório,Cisplatina + Pemetrexede + Nivolumabe perioperatório,,Pemetrexede,500,mg/m²,EV,D1,21,3,,,,"periodicidade: a cada 21 dias, 3 ciclos",274,"SOnHe 2024 — FONTE SECUNDÁRIA, SETOR PRIVADO, REFERÊNCIA A VALIDAR"
Pulmão CPNPC,perioperatório,Cisplatina + Pemetrexede + Nivolumabe perioperatório,,Nivolumabe,360 mg,fixa,EV,,21,3,,,,"periodicidade: a cada 21 dias, 3 ciclos",274,"SOnHe 2024 — FONTE SECUNDÁRIA, SETOR PRIVADO, REFERÊNCIA A VALIDAR"
Pulmão CPNPC,perioperatório,Cisplatina + Gencitabina + Nivolumabe perioperatório,,CDDP,80,mg/m²,EV,D1,21,3,,,,"periodicidade: a cada 21 dias, 3 ciclos",275,"SOnHe 2024 — FONTE SECUNDÁRIA, SETOR PRIVADO, REFERÊNCIA A VALIDAR"
Pulmão CPNPC,perioperatório,Cisplatina + Gencitabina + Nivolumabe perioperatório,,Gencitabina,1000,mg/m²,EV,D1/D8,21,3,,,,"periodicidade: a cada 21 dias, 3 ciclos",275,"SOnHe 2024 — FONTE SECUNDÁRIA, SETOR PRIVADO, REFERÊNCIA A VALIDAR"
Pulmão CPNPC,perioperatório,Cisplatina + Gencitabina + Nivolumabe perioperatório,,Nivolumabe,360 mg,fixa,EV,D1,21,3,,,,"periodicidade: a cada 21 dias, 3 ciclos",275,"SOnHe 2024 — FONTE SECUNDÁRIA, SETOR PRIVADO, REFERÊNCIA A VALIDAR"
Pulmão CPNPC,paliativo/metastático,Duravlumabe + Tremelimumabe + QT,,Tremelimumabe,75 mg,fixa,EV,D1,21,4; até progressão/toxicidade,,,,"Grafado ""Duravlumabe"" no título do manual | periodicidade: a cada 21 dias, 4 ciclos; após, manter Durvalumabe a cada 28 dias até progressão + 1 dose adicional de Tremelimumabe",275,"SOnHe 2024 — FONTE SECUNDÁRIA, SETOR PRIVADO, REFERÊNCIA A VALIDAR"
Pulmão CPNPC,paliativo/metastático,Duravlumabe + Tremelimumabe + QT,,Durvalumabe,1.500 mg,fixa,EV,D1,21,4; até progressão/toxicidade,,,,"Grafado ""Duravlumabe"" no título do manual | periodicidade: a cada 21 dias, 4 ciclos; após, manter Durvalumabe a cada 28 dias até progressão + 1 dose adicional de Tremelimumabe",275,"SOnHe 2024 — FONTE SECUNDÁRIA, SETOR PRIVADO, REFERÊNCIA A VALIDAR"
Pulmão CPNPC,paliativo/metastático,Duravlumabe + Tremelimumabe + QT,,Pemetrexede,500,mg/m²,EV,D1,21,4; até progressão/toxicidade,,,,"Grafado ""Duravlumabe"" no título do manual | periodicidade: a cada 21 dias, 4 ciclos; após, manter Durvalumabe a cada 28 dias até progressão + 1 dose adicional de Tremelimumabe",275,"SOnHe 2024 — FONTE SECUNDÁRIA, SETOR PRIVADO, REFERÊNCIA A VALIDAR"
Pulmão CPNPC,paliativo/metastático,Duravlumabe + Tremelimumabe + QT,,CDDP ou carboplatina,5,AUC,EV,D1,21,4; até progressão/toxicidade,,,,"Grafado ""Duravlumabe"" no título do manual | texto do manual: ""CDDP ou carboplatina AUC 5 EV D1"" | periodicidade: a cada 21 dias, 4 ciclos; após, manter Durvalumabe a cada 28 dias até progressão + 1 dose adicional de Tremelimumabe",275,"SOnHe 2024 — FONTE SECUNDÁRIA, SETOR PRIVADO, REFERÊNCIA A VALIDAR"
Pulmão CPNPC,,Nivolumabe + Ipilimumabe + QT (CM-9LA),CM-9LA,Nivolumabe,360 mg,fixa,EV,D1/D22,21,2,,,,"periodicidade: a cada 21 dias, 2 ciclos; após, manter Nivolumabe",275,"SOnHe 2024 — FONTE SECUNDÁRIA, SETOR PRIVADO, REFERÊNCIA A VALIDAR"
Pulmão CPNPC,,Nivolumabe + Ipilimumabe + QT (CM-9LA),CM-9LA,Ipilimumabe,1,mg/kg,EV,D1,21,2,,,,"periodicidade: a cada 21 dias, 2 ciclos; após, manter Nivolumabe",275,"SOnHe 2024 — FONTE SECUNDÁRIA, SETOR PRIVADO, REFERÊNCIA A VALIDAR"
Pulmão CPNPC,,Nivolumabe + Ipilimumabe + QT (CM-9LA),CM-9LA,Carboplatina,6,AUC,EV,D1/D22,21,2,,,,"periodicidade: a cada 21 dias, 2 ciclos; após, manter Nivolumabe",275,"SOnHe 2024 — FONTE SECUNDÁRIA, SETOR PRIVADO, REFERÊNCIA A VALIDAR"
Pulmão CPNPC,,Nivolumabe + Ipilimumabe + QT (CM-9LA),CM-9LA,Paclitaxel,200,mg/m²,EV,D1/D22,21,2,,,,"periodicidade: a cada 21 dias, 2 ciclos; após, manter Nivolumabe",275,"SOnHe 2024 — FONTE SECUNDÁRIA, SETOR PRIVADO, REFERÊNCIA A VALIDAR"
Pulmão CPNPC,paliativo/metastático,Pembrolizumabe q21d,,Pembrolizumabe,200 mg,fixa,EV,D1,21,35; até progressão/toxicidade,,,,periodicidade: A cada 21 dias até progressão de doença ou toxicidade limitante ou 35 ciclos,276,"SOnHe 2024 — FONTE SECUNDÁRIA, SETOR PRIVADO, REFERÊNCIA A VALIDAR"
Pulmão CPNPC,paliativo/metastático,Pembrolizumabe q42d,,Pembrolizumabe,400 mg,fixa,EV,,42,35; até progressão/toxicidade,,,,periodicidade: A cada 42 dias até progressão de doença ou toxicidades limitantes ou 35 ciclos,276,"SOnHe 2024 — FONTE SECUNDÁRIA, SETOR PRIVADO, REFERÊNCIA A VALIDAR"
Pulmão CPNPC,paliativo/metastático,Nivolumabe,,Nivolumabe,240 mg,fixa,EV,D1; a cada 14 dias; a cada 28 dias,,até progressão/toxicidade,,,,"ou 480 mg EV D1 a cada 28 dias | texto do manual: ""Nivolumabe 240 mg EV D1 a cada 14 dias (ou 480 mg EV D1 a cada 28 dias)"" | periodicidade: Até progressão de doença ou toxicidade limitante",276,"SOnHe 2024 — FONTE SECUNDÁRIA, SETOR PRIVADO, REFERÊNCIA A VALIDAR"
Pulmão CPNPC,paliativo/metastático,Atezolizumabe,,Atezolizumabe,1.200 mg,fixa,EV,D1,21,até progressão/toxicidade,,,,"periodicidade: A cada 21 dias, até progressão de doença ou toxicidade limitante",277,"SOnHe 2024 — FONTE SECUNDÁRIA, SETOR PRIVADO, REFERÊNCIA A VALIDAR"
Pulmão CPNPC,,Durvalumabe q14d,,Durvalumabe,10,mg/kg,EV,D1,14,1 ano,,,,"periodicidade: A cada 14 dias, por 1 ano",277,"SOnHe 2024 — FONTE SECUNDÁRIA, SETOR PRIVADO, REFERÊNCIA A VALIDAR"
Pulmão CPNPC,,Durvalumabe q21d,,Durvalumabe,1500 mg,fixa,EV,D1,21,1 ano,,,,"periodicidade: a cada 21 dias, por 1 ano",277,"SOnHe 2024 — FONTE SECUNDÁRIA, SETOR PRIVADO, REFERÊNCIA A VALIDAR"
Pulmão CPNPC,paliativo/metastático,Cemiplimabe,,Cemiplimabe,350 mg,fixa,EV,,21,até progressão/toxicidade,,,,periodicidade: a cada 21 dias até progressão de doença ou toxicidade limitante,277,"SOnHe 2024 — FONTE SECUNDÁRIA, SETOR PRIVADO, REFERÊNCIA A VALIDAR"
Pulmão CPNPC,paliativo/metastático,Inibidores de EGFR VO,,Afatinibe,40 mg,fixa,VO,1x/dia,contínuo,até progressão/toxicidade,,,,"drogas listadas como opções alternativas (não combinação) | periodicidade: continuamente, até progressão de doença ou toxicidade limitante.",278,"SOnHe 2024 — FONTE SECUNDÁRIA, SETOR PRIVADO, REFERÊNCIA A VALIDAR"
Pulmão CPNPC,paliativo/metastático,Inibidores de EGFR VO,,Gefitinibe,250 mg,fixa,VO,1x/dia,contínuo,até progressão/toxicidade,,,,"drogas listadas como opções alternativas (não combinação) | periodicidade: continuamente, até progressão de doença ou toxicidade limitante.",278,"SOnHe 2024 — FONTE SECUNDÁRIA, SETOR PRIVADO, REFERÊNCIA A VALIDAR"
Pulmão CPNPC,paliativo/metastático,Inibidores de EGFR VO,,Erlotinibe,150 mg,fixa,VO,1x/dia,contínuo,até progressão/toxicidade,,,,"drogas listadas como opções alternativas (não combinação) | periodicidade: continuamente, até progressão de doença ou toxicidade limitante.",278,"SOnHe 2024 — FONTE SECUNDÁRIA, SETOR PRIVADO, REFERÊNCIA A VALIDAR"
Pulmão CPNPC,paliativo/metastático,Inibidores de EGFR VO,,Osimertinibe,80 mg,fixa,VO,1x/dia,contínuo,até progressão/toxicidade,,,,"drogas listadas como opções alternativas (não combinação) | periodicidade: continuamente, até progressão de doença ou toxicidade limitante.",278,"SOnHe 2024 — FONTE SECUNDÁRIA, SETOR PRIVADO, REFERÊNCIA A VALIDAR"
Pulmão CPNPC,paliativo/metastático,Amivantamabe + Carboplatina + Pemetrexede (1ª linha),,Amivantamabe,1.400 mg (<80 kg) / 1.750 mg (>80 kg),fixa (por faixa de peso),EV,"semanal, semanas 1 a 4 (semana 1: infusão dividida em D1 e D2)",7,4 (fase semanal),,,,Semana 5 em diante: 1.750 mg (<80 kg) / 2.100 mg (>80 kg) EV D1 a cada 3 semanas,278,"SOnHe 2024 — FONTE SECUNDÁRIA, SETOR PRIVADO, REFERÊNCIA A VALIDAR"
Pulmão CPNPC,paliativo/metastático,Amivantamabe + Carboplatina + Pemetrexede (1ª linha),,Carboplatina,5,AUC,EV,D1,21,até 12 semanas,,,,,278,"SOnHe 2024 — FONTE SECUNDÁRIA, SETOR PRIVADO, REFERÊNCIA A VALIDAR"
Pulmão CPNPC,paliativo/metastático,Amivantamabe + Carboplatina + Pemetrexede (1ª linha),,Pemetrexede,500,mg/m²,,,21,até progressão/toxicidade,,,,,278,"SOnHe 2024 — FONTE SECUNDÁRIA, SETOR PRIVADO, REFERÊNCIA A VALIDAR"
Pulmão CPNPC,paliativo/metastático,Inibidores de ALK,,Crizotinibe,250 mg,fixa,VO,12/12h,contínuo,até progressão/toxicidade,,,,"drogas listadas como opções alternativas (não combinação) | periodicidade: Continuamente, até progressão de doença ou toxicidade limitante.",279,"SOnHe 2024 — FONTE SECUNDÁRIA, SETOR PRIVADO, REFERÊNCIA A VALIDAR"
Pulmão CPNPC,paliativo/metastático,Inibidores de ALK,,Alectinibe,600 mg,fixa,VO,12/12h,contínuo,até progressão/toxicidade,,,,"drogas listadas como opções alternativas (não combinação) | periodicidade: Continuamente, até progressão de doença ou toxicidade limitante.",279,"SOnHe 2024 — FONTE SECUNDÁRIA, SETOR PRIVADO, REFERÊNCIA A VALIDAR"
Pulmão CPNPC,paliativo/metastático,Inibidores de ALK,,Brigatinibe,90 mg,fixa,VO,1x/dia,contínuo,até progressão/toxicidade,,,,"drogas listadas como opções alternativas (não combinação) | se tolerado, aumentar para 180 mg/dia | periodicidade: Continuamente, até progressão de doença ou toxicidade limitante.",279,"SOnHe 2024 — FONTE SECUNDÁRIA, SETOR PRIVADO, REFERÊNCIA A VALIDAR"
Pulmão CPNPC,paliativo/metastático,Inibidores de ALK,,Lorlatinibe,100 mg,fixa,VO,1x/dia,contínuo,até progressão/toxicidade,,,,"drogas listadas como opções alternativas (não combinação) | periodicidade: Continuamente, até progressão de doença ou toxicidade limitante.",279,"SOnHe 2024 — FONTE SECUNDÁRIA, SETOR PRIVADO, REFERÊNCIA A VALIDAR"
Pulmão CPNPC,paliativo/metastático,Amivantamabe (2ª linha),,Amivantamabe,1.050 mg (<80 kg) / 1.400 mg (>80 kg),fixa (por faixa de peso),EV,"semanal, semanas 1 a 4 (semana 1: infusão dividida em D1 e D2)",7,4 (fase semanal),,,,Semana 5 em diante: 1.050 mg (<80 kg) / 2.400 mg (>80 kg) EV D1 a cada 3 semanas (valores como impressos) | periodicidade: A cada 3 semanas,279,"SOnHe 2024 — FONTE SECUNDÁRIA, SETOR PRIVADO, REFERÊNCIA A VALIDAR"
Pulmão CPNPC,paliativo/metastático,Inibidores de NTRK,,Larotrectinibe,100 mg,fixa,VO,12/12h,contínuo,até progressão/toxicidade,,,,"periodicidade: Continuamente, até progressão de doença ou toxicidade limitante.",280,"SOnHe 2024 — FONTE SECUNDÁRIA, SETOR PRIVADO, REFERÊNCIA A VALIDAR"
Pulmão CPNPC,paliativo/metastático,Inibidores de MET,,Capmatinibe,400 mg,fixa,,12/12h,contínuo,até progressão/toxicidade,,,,"drogas listadas como opções alternativas (não combinação) | periodicidade: Continuamente, até progressão de doença ou toxicidade limitante.",280,"SOnHe 2024 — FONTE SECUNDÁRIA, SETOR PRIVADO, REFERÊNCIA A VALIDAR"
Pulmão CPNPC,paliativo/metastático,Inibidores de MET,,Tepotinibe,500 mg,fixa,,1x/dia,contínuo,até progressão/toxicidade,,,,"drogas listadas como opções alternativas (não combinação) | periodicidade: Continuamente, até progressão de doença ou toxicidade limitante.",280,"SOnHe 2024 — FONTE SECUNDÁRIA, SETOR PRIVADO, REFERÊNCIA A VALIDAR"
Pulmão CPNPC,paliativo/metastático,Anti-HER2,,Trastuzumabe-deruxtecan,"5,4",mg/kg,,,21,até progressão/toxicidade,,,,"periodicidade: A cada 3 semanas, até progressão de doença ou toxicidade limitante",280,"SOnHe 2024 — FONTE SECUNDÁRIA, SETOR PRIVADO, REFERÊNCIA A VALIDAR"
Pulmão CPPC,,CDDP + Etoposídeo (60/120),,Cisplatina,60,mg/m²,EV,D1,21,4,,,,"periodicidade: A cada 21 dias, 4 ciclos",286,"SOnHe 2024 — FONTE SECUNDÁRIA, SETOR PRIVADO, REFERÊNCIA A VALIDAR"
Pulmão CPPC,,CDDP + Etoposídeo (60/120),,Etoposídeo,120,mg/m²,EV,D1 a D3,21,4,,,,"periodicidade: A cada 21 dias, 4 ciclos",286,"SOnHe 2024 — FONTE SECUNDÁRIA, SETOR PRIVADO, REFERÊNCIA A VALIDAR"
Pulmão CPPC,,CDDP + Etoposídeo (75/100),,Cisplatina,75,mg/m²,EV,D1,21,4,,,,"periodicidade: A cada 21 dias, 4 ciclos",287,"SOnHe 2024 — FONTE SECUNDÁRIA, SETOR PRIVADO, REFERÊNCIA A VALIDAR"
Pulmão CPPC,,CDDP + Etoposídeo (75/100),,Etoposídeo,100,mg/m²,EV,D1 a D3,21,4,,,,"periodicidade: A cada 21 dias, 4 ciclos",287,"SOnHe 2024 — FONTE SECUNDÁRIA, SETOR PRIVADO, REFERÊNCIA A VALIDAR"
Pulmão CPPC,,Carboplatina + Etoposídeo,,Carboplatina,6,AUC,EV,D1,21,4 a 6,,,,"periodicidade: A cada 21 dias, 4 a 6 ciclos",287,"SOnHe 2024 — FONTE SECUNDÁRIA, SETOR PRIVADO, REFERÊNCIA A VALIDAR"
Pulmão CPPC,,Carboplatina + Etoposídeo,,Etoposídeo,120,mg/m²,EV,D1,21,4 a 6,,,,"periodicidade: A cada 21 dias, 4 a 6 ciclos",287,"SOnHe 2024 — FONTE SECUNDÁRIA, SETOR PRIVADO, REFERÊNCIA A VALIDAR"
Pulmão CPPC,paliativo/metastático,Carboplatina + Etoposídeo + Atezolizumabe,,Carboplatina,5,AUC,EV,D1,21,4; até progressão/toxicidade,,,,"periodicidade: A cada 21 dias, 4 ciclos; após, manter Atezolizumabe até progressão de doença ou toxicidade limitante",287,"SOnHe 2024 — FONTE SECUNDÁRIA, SETOR PRIVADO, REFERÊNCIA A VALIDAR"
Pulmão CPPC,paliativo/metastático,Carboplatina + Etoposídeo + Atezolizumabe,,Etoposídeo,100,mg/m²,EV,D1 a D3,21,4; até progressão/toxicidade,,,,"periodicidade: A cada 21 dias, 4 ciclos; após, manter Atezolizumabe até progressão de doença ou toxicidade limitante",287,"SOnHe 2024 — FONTE SECUNDÁRIA, SETOR PRIVADO, REFERÊNCIA A VALIDAR"
Pulmão CPPC,paliativo/metastático,Carboplatina + Etoposídeo + Atezolizumabe,,Atezolizumabe,1.200 mg,fixa,EV,D1,21,4; até progressão/toxicidade,,,,"periodicidade: A cada 21 dias, 4 ciclos; após, manter Atezolizumabe até progressão de doença ou toxicidade limitante",287,"SOnHe 2024 — FONTE SECUNDÁRIA, SETOR PRIVADO, REFERÊNCIA A VALIDAR"
Pulmão CPPC,paliativo/metastático,Carboplatina + Etoposideo + Durvalumabe,,Carboplatina,5,AUC,EV,D1,21,4; até progressão/toxicidade,,,,"periodicidade: A cada 21 dias, 4 ciclos; após, manter Durvalumabe 1.500 mg EV D1 a cada 28 dias até progressão de doença ou toxicidade limitante",288,"SOnHe 2024 — FONTE SECUNDÁRIA, SETOR PRIVADO, REFERÊNCIA A VALIDAR"
Pulmão CPPC,paliativo/metastático,Carboplatina + Etoposideo + Durvalumabe,,Etoposideo,100,mg/m²,EV,D1 a D3,21,4; até progressão/toxicidade,,,,"periodicidade: A cada 21 dias, 4 ciclos; após, manter Durvalumabe 1.500 mg EV D1 a cada 28 dias até progressão de doença ou toxicidade limitante",288,"SOnHe 2024 — FONTE SECUNDÁRIA, SETOR PRIVADO, REFERÊNCIA A VALIDAR"
Pulmão CPPC,paliativo/metastático,Carboplatina + Etoposideo + Durvalumabe,,Durvalumabe,1.500 mg,fixa,EV,D1,21,4; até progressão/toxicidade,,,,"periodicidade: A cada 21 dias, 4 ciclos; após, manter Durvalumabe 1.500 mg EV D1 a cada 28 dias até progressão de doença ou toxicidade limitante",288,"SOnHe 2024 — FONTE SECUNDÁRIA, SETOR PRIVADO, REFERÊNCIA A VALIDAR"
Pulmão CPPC,,CDDP + Irinotecano,,Cisplatina,30,mg/m²,EV,D1/D8,21,4 a 6,,,,"periodicidade: A cada 21 dias, 4 a 6 ciclos",288,"SOnHe 2024 — FONTE SECUNDÁRIA, SETOR PRIVADO, REFERÊNCIA A VALIDAR"
Pulmão CPPC,,CDDP + Irinotecano,,Irinotecano,60,mg/m²,EV,D1/D8,21,4 a 6,,,,"periodicidade: A cada 21 dias, 4 a 6 ciclos",288,"SOnHe 2024 — FONTE SECUNDÁRIA, SETOR PRIVADO, REFERÊNCIA A VALIDAR"
Pulmão CPPC,,Carboplatina + Irinotecano,,Carboplatina,6,AUC,EV,D1,21,4 a 6,,,,"periodicidade: A cada 21 dias, 4 a 6 ciclos",288,"SOnHe 2024 — FONTE SECUNDÁRIA, SETOR PRIVADO, REFERÊNCIA A VALIDAR"
Pulmão CPPC,,Carboplatina + Irinotecano,,Irinotecano,60,mg/m²,EV,D1,21,4 a 6,,,,"periodicidade: A cada 21 dias, 4 a 6 ciclos",288,"SOnHe 2024 — FONTE SECUNDÁRIA, SETOR PRIVADO, REFERÊNCIA A VALIDAR"
Pulmão CPPC,paliativo/metastático,Topotecano,,Topotecano,"1,5",mg/m²,EV,D1 a D5,21,até progressão/toxicidade,,,,periodicidade: A cada 21 dias até progressão de doença ou toxicidade limitante,289,"SOnHe 2024 — FONTE SECUNDÁRIA, SETOR PRIVADO, REFERÊNCIA A VALIDAR"
Pulmão CPPC,,Carboplatina + Paclitaxel,,Carboplatina,6,AUC,EV,D1,21,4 a 6,,,,"periodicidade: A cada 21 dias, 4 a 6 ciclos",289,"SOnHe 2024 — FONTE SECUNDÁRIA, SETOR PRIVADO, REFERÊNCIA A VALIDAR"
Pulmão CPPC,,Carboplatina + Paclitaxel,,Paclitaxel,200,mg/m²,EV,D1,21,4 a 6,,,,"periodicidade: A cada 21 dias, 4 a 6 ciclos",289,"SOnHe 2024 — FONTE SECUNDÁRIA, SETOR PRIVADO, REFERÊNCIA A VALIDAR"
Pulmão CPPC,,CAV (Ciclofosfamida + Doxorrubicina + Vincristina),,Ciclofosfamida,1.000,mg/m²,EV,D1,21,até 6,,,,"periodicidade: A cada 21 dias, até 6 ciclos",289,"SOnHe 2024 — FONTE SECUNDÁRIA, SETOR PRIVADO, REFERÊNCIA A VALIDAR"
Pulmão CPPC,,CAV (Ciclofosfamida + Doxorrubicina + Vincristina),,Doxorrubicina,40,mg/m²,EV,D1,21,até 6,,,,"periodicidade: A cada 21 dias, até 6 ciclos",289,"SOnHe 2024 — FONTE SECUNDÁRIA, SETOR PRIVADO, REFERÊNCIA A VALIDAR"
Pulmão CPPC,,CAV (Ciclofosfamida + Doxorrubicina + Vincristina),,Vincristina,1,mg/m²,EV,D1,21,até 6,,,,"máximo 2mg/dose | texto do manual: ""Vincristina 1 mg/m² (máximo 2mg/dose) EV D1"" | periodicidade: A cada 21 dias, até 6 ciclos",289,"SOnHe 2024 — FONTE SECUNDÁRIA, SETOR PRIVADO, REFERÊNCIA A VALIDAR"
Cabeça e pescoço,concomitante à RT,CDDP q21d (+RT),,Cisplatina,100,mg/m²,EV,D1,21,3,,,,"periodicidade: A cada 21 dias, 3 ciclos (concomitante à RT)",297,"SOnHe 2024 — FONTE SECUNDÁRIA, SETOR PRIVADO, REFERÊNCIA A VALIDAR"
Cabeça e pescoço,concomitante à RT,CDDP semanal (+RT),,Cisplatina,40,mg/m²,EV,D1,7,7,,,,"periodicidade: Semanalmente, 7 ciclos (concomitante à RT)",297,"SOnHe 2024 — FONTE SECUNDÁRIA, SETOR PRIVADO, REFERÊNCIA A VALIDAR"
Cabeça e pescoço,concomitante à RT,Carboplatina semanal (+RT),,Carboplatina,"1,5",AUC,EV,D1,7,7,,,,"periodicidade: Semanalmente, 7 ciclos (concomitante à RT)",297,"SOnHe 2024 — FONTE SECUNDÁRIA, SETOR PRIVADO, REFERÊNCIA A VALIDAR"
Cabeça e pescoço,definitivo (concomitante à RT),Cetuximabe monoterapia,,Cetuximabe,250,mg/m²,EV,D1,7,7,,,,"dose de ataque 400 mg/m² C1D1 | periodicidade: Definitivo: semanalmente, 7 ciclos (concomitante à RT) Paliativo: semanalmente, até progressão de doença ou toxicidade limitante",298,"SOnHe 2024 — FONTE SECUNDÁRIA, SETOR PRIVADO, REFERÊNCIA A VALIDAR"
Cabeça e pescoço,paliativo/metastático,Cetuximabe monoterapia,,Cetuximabe,250,mg/m²,EV,D1,7,até progressão/toxicidade,,,,"dose de ataque 400 mg/m² C1D1 | periodicidade: Definitivo: semanalmente, 7 ciclos (concomitante à RT) Paliativo: semanalmente, até progressão de doença ou toxicidade limitante",298,"SOnHe 2024 — FONTE SECUNDÁRIA, SETOR PRIVADO, REFERÊNCIA A VALIDAR"
Cabeça e pescoço,neoadjuvante/indução,Esquema TPF (indução),,Docetaxel,75,mg/m²,EV,D1,21,3,,,,"periodicidade: A cada 21 dias, 3 ciclos",298,"SOnHe 2024 — FONTE SECUNDÁRIA, SETOR PRIVADO, REFERÊNCIA A VALIDAR"
Cabeça e pescoço,neoadjuvante/indução,Esquema TPF (indução),,Cisplatina,75,mg/m²,EV,D1,21,3,,,,"periodicidade: A cada 21 dias, 3 ciclos",298,"SOnHe 2024 — FONTE SECUNDÁRIA, SETOR PRIVADO, REFERÊNCIA A VALIDAR"
Cabeça e pescoço,neoadjuvante/indução,Esquema TPF (indução),,5FU,3.750,mg/m²,EV,D1,21,3,96 h (bomba de infusão),,,"periodicidade: A cada 21 dias, 3 ciclos",298,"SOnHe 2024 — FONTE SECUNDÁRIA, SETOR PRIVADO, REFERÊNCIA A VALIDAR"
Cabeça e pescoço,neoadjuvante/indução,Esquema TPF (indução),,Filgrastim,300 mcg,fixa,SC,D6 a D10,21,3,,,,"periodicidade: A cada 21 dias, 3 ciclos",298,"SOnHe 2024 — FONTE SECUNDÁRIA, SETOR PRIVADO, REFERÊNCIA A VALIDAR"
Cabeça e pescoço,paliativo/metastático,Carboplatina + 5-FU + Pembrolizumabe,,Carboplatina,5,AUC,EV,D1,21,6; até progressão/toxicidade,,,,"periodicidade: A cada 21 dias, 6 ciclos; após, manter Pembrolizumabe até progressão de doença ou toxicidade limitante",298,"SOnHe 2024 — FONTE SECUNDÁRIA, SETOR PRIVADO, REFERÊNCIA A VALIDAR"
Cabeça e pescoço,paliativo/metastático,Carboplatina + 5-FU + Pembrolizumabe,,5FU,4.000,mg/m²,EV,D1,21,6; até progressão/toxicidade,96 h (bomba de infusão),,,"periodicidade: A cada 21 dias, 6 ciclos; após, manter Pembrolizumabe até progressão de doença ou toxicidade limitante",298,"SOnHe 2024 — FONTE SECUNDÁRIA, SETOR PRIVADO, REFERÊNCIA A VALIDAR"
Cabeça e pescoço,paliativo/metastático,Carboplatina + 5-FU + Pembrolizumabe,,Pembrolizumabe,200 mg,fixa,EV,D1,21,6; até progressão/toxicidade,,,,"periodicidade: A cada 21 dias, 6 ciclos; após, manter Pembrolizumabe até progressão de doença ou toxicidade limitante",298,"SOnHe 2024 — FONTE SECUNDÁRIA, SETOR PRIVADO, REFERÊNCIA A VALIDAR"
Cabeça e pescoço,paliativo/metastático,Esquema TP + Cetuximabe,,Docetaxel,75,mg/m²,EV,D1,21,4; até progressão/toxicidade,,,,"periodicidade: A cada 21 dias, 4 ciclos; após, manter Cetuximabe até progressão de doença ou toxicidade limitante.",299,"SOnHe 2024 — FONTE SECUNDÁRIA, SETOR PRIVADO, REFERÊNCIA A VALIDAR"
Cabeça e pescoço,paliativo/metastático,Esquema TP + Cetuximabe,,Cisplatina,75,mg/m²,EV,D1,21,4; até progressão/toxicidade,,,,"periodicidade: A cada 21 dias, 4 ciclos; após, manter Cetuximabe até progressão de doença ou toxicidade limitante.",299,"SOnHe 2024 — FONTE SECUNDÁRIA, SETOR PRIVADO, REFERÊNCIA A VALIDAR"
Cabeça e pescoço,paliativo/metastático,Esquema TP + Cetuximabe,,Cetuximabe,250,mg/m²,EV,D1/D8/D15,21,4; até progressão/toxicidade,,,,"dose de ataque 400 mg/ m² C1D1 | periodicidade: A cada 21 dias, 4 ciclos; após, manter Cetuximabe até progressão de doença ou toxicidade limitante.",299,"SOnHe 2024 — FONTE SECUNDÁRIA, SETOR PRIVADO, REFERÊNCIA A VALIDAR"
Cabeça e pescoço,paliativo/metastático,Esquema TP + Cetuximabe,,Filgrastim,300 mcg,fixa,SC,D2 a D6,21,4; até progressão/toxicidade,,,,"periodicidade: A cada 21 dias, 4 ciclos; após, manter Cetuximabe até progressão de doença ou toxicidade limitante.",299,"SOnHe 2024 — FONTE SECUNDÁRIA, SETOR PRIVADO, REFERÊNCIA A VALIDAR"
Cabeça e pescoço,,Esquema TP,,Docetaxel,75,mg/m²,EV,D1,21,4,,,,"periodicidade: A cada 21 dias, 4 ciclos",299,"SOnHe 2024 — FONTE SECUNDÁRIA, SETOR PRIVADO, REFERÊNCIA A VALIDAR"
Cabeça e pescoço,,Esquema TP,,Cisplatina,75,mg/m²,EV,D1,21,4,,,,"periodicidade: A cada 21 dias, 4 ciclos",299,"SOnHe 2024 — FONTE SECUNDÁRIA, SETOR PRIVADO, REFERÊNCIA A VALIDAR"
Cabeça e pescoço,,Esquema TP,,Filgrastim,300 mcg,fixa,SC,D2 a D6,21,4,,,,"periodicidade: A cada 21 dias, 4 ciclos",299,"SOnHe 2024 — FONTE SECUNDÁRIA, SETOR PRIVADO, REFERÊNCIA A VALIDAR"
Cabeça e pescoço,paliativo/metastático,Docetaxel + Carboplatina + Cetuximabe,,Docetaxel,75,mg/m²,EV,D1,21,4; até progressão/toxicidade,,,,"periodicidade: A cada 21 dias, 4 ciclos; após, manter Cetuximabe até progressão de doença ou toxicidade limitante",299,"SOnHe 2024 — FONTE SECUNDÁRIA, SETOR PRIVADO, REFERÊNCIA A VALIDAR"
Cabeça e pescoço,paliativo/metastático,Docetaxel + Carboplatina + Cetuximabe,,Carboplatina,6,AUC,EV,D1,21,4; até progressão/toxicidade,,,,"periodicidade: A cada 21 dias, 4 ciclos; após, manter Cetuximabe até progressão de doença ou toxicidade limitante",299,"SOnHe 2024 — FONTE SECUNDÁRIA, SETOR PRIVADO, REFERÊNCIA A VALIDAR"
Cabeça e pescoço,paliativo/metastático,Docetaxel + Carboplatina + Cetuximabe,,Cetuximabe,250,mg/m²,EV,D1/D8/D15,21,4; até progressão/toxicidade,,,,"dose de ataque 400 mg/ m² C1D1 | periodicidade: A cada 21 dias, 4 ciclos; após, manter Cetuximabe até progressão de doença ou toxicidade limitante",299,"SOnHe 2024 — FONTE SECUNDÁRIA, SETOR PRIVADO, REFERÊNCIA A VALIDAR"
Cabeça e pescoço,paliativo/metastático,Docetaxel + Carboplatina + Cetuximabe,,Filgrastim,300 mcg,fixa,SC,D2 a D6,21,4; até progressão/toxicidade,,,,"periodicidade: A cada 21 dias, 4 ciclos; após, manter Cetuximabe até progressão de doença ou toxicidade limitante",299,"SOnHe 2024 — FONTE SECUNDÁRIA, SETOR PRIVADO, REFERÊNCIA A VALIDAR"
Cabeça e pescoço,,Pembrolizumabe monoterapia,,Pembrolizumabe,200 mg,fixa,EV,D1,21,35,,,,"periodicidade: A cada 21 dias, 35 ciclos",300,"SOnHe 2024 — FONTE SECUNDÁRIA, SETOR PRIVADO, REFERÊNCIA A VALIDAR"
Cabeça e pescoço,paliativo/metastático,Nivolumabe monoterapia,,Nivolumabe,3,mg/kg,EV,D1,14,até progressão/toxicidade,,,,"periodicidade: A cada 14 dias, até progressão de doença ou toxicidade limitante",300,"SOnHe 2024 — FONTE SECUNDÁRIA, SETOR PRIVADO, REFERÊNCIA A VALIDAR"
Cabeça e pescoço,paliativo/metastático,Metotrexato monoterapia,,Metotrexato,30 a 60,mg/m²,EV,D1,7,até progressão/toxicidade,,,,"periodicidade: Semanalmente, até progressão de doença ou toxicidade limitante",300,"SOnHe 2024 — FONTE SECUNDÁRIA, SETOR PRIVADO, REFERÊNCIA A VALIDAR"
Cabeça e pescoço,paliativo/metastático,Docetaxel monoterapia,,Docetaxel,75,mg/m²,EV,D1,21,até progressão/toxicidade,,,,"periodicidade: A cada 21 dias, até progressão de doença ou toxicidade limitante",300,"SOnHe 2024 — FONTE SECUNDÁRIA, SETOR PRIVADO, REFERÊNCIA A VALIDAR"
Nasofaringe,concomitante à RT,"CDDP semanal 30 (+RT, estágio II)",,Cisplatina,30,mg/m²,EV,D1,7,7,,,,"periodicidade: Semanalmente, 7 ciclos (concomitante à RT)",305,"SOnHe 2024 — FONTE SECUNDÁRIA, SETOR PRIVADO, REFERÊNCIA A VALIDAR"
Nasofaringe,concomitante à RT,"CDDP semanal 40 (+RT, estágios III e IV)",,Cisplatina,40,mg/m²,EV,D1,7,7,,,,"periodicidade: Semanalmente, 7 ciclos (concomitante à RT)",306,"SOnHe 2024 — FONTE SECUNDÁRIA, SETOR PRIVADO, REFERÊNCIA A VALIDAR"
Nasofaringe,concomitante à RT,CDDP q21d (+RT),,Cisplatina,100,mg/m²,EV,D1/D22/D43,,1,,,,"periodicidade: Concomitante à RT, 1 ciclo",306,"SOnHe 2024 — FONTE SECUNDÁRIA, SETOR PRIVADO, REFERÊNCIA A VALIDAR"
Nasofaringe,,CDDP + Gencitabina,,Cisplatina,80,mg/m²,EV,D1,21,3,,,,"periodicidade: A cada 21 dias, 3 ciclos",306,"SOnHe 2024 — FONTE SECUNDÁRIA, SETOR PRIVADO, REFERÊNCIA A VALIDAR"
Nasofaringe,,CDDP + Gencitabina,,Gencitabina,1.000,mg/m²,EV,D1/D8,21,3,,,,"periodicidade: A cada 21 dias, 3 ciclos",306,"SOnHe 2024 — FONTE SECUNDÁRIA, SETOR PRIVADO, REFERÊNCIA A VALIDAR"
Nasofaringe,,CDDP + Docetaxel,,Cisplatina,75,mg/m²,EV,D1,21,2,,,,"periodicidade: A cada 21 dias, 2 ciclos",306,"SOnHe 2024 — FONTE SECUNDÁRIA, SETOR PRIVADO, REFERÊNCIA A VALIDAR"
Nasofaringe,,CDDP + Docetaxel,,Docetaxel,75,mg/m²,EV,D1,21,2,,,,"periodicidade: A cada 21 dias, 2 ciclos",306,"SOnHe 2024 — FONTE SECUNDÁRIA, SETOR PRIVADO, REFERÊNCIA A VALIDAR"
Nasofaringe,,Capecitabina dose-padrão,,Capecitabina,1000,mg/m²,VO,D1 a D14; 12/12h,21,8,,,,"periodicidade: A cada 21 dias, por 8 ciclos",307,"SOnHe 2024 — FONTE SECUNDÁRIA, SETOR PRIVADO, REFERÊNCIA A VALIDAR"
Nasofaringe,,Capecitabina metronômica,,Capecitabina,650,mg/m²,VO,12/12h,contínuo,12 meses,,,,"periodicidade: Continuamente, 12 meses",307,"SOnHe 2024 — FONTE SECUNDÁRIA, SETOR PRIVADO, REFERÊNCIA A VALIDAR"
Nasofaringe,concomitante à RT,Carboplatina semanal (+RT),,Carboplatina,"1,5",AUC,EV,D1,7,7,,,,"periodicidade: Semanalmente, 7 ciclos (concomitante à RT)",307,"SOnHe 2024 — FONTE SECUNDÁRIA, SETOR PRIVADO, REFERÊNCIA A VALIDAR"
Nasofaringe,paliativo/metastático,Esquema TP,,Docetaxel,75,mg/m²,EV,D1,21,até progressão/toxicidade,,,,"periodicidade: A cada 21 dias, até progressão de doença ou toxicidade limitante",307,"SOnHe 2024 — FONTE SECUNDÁRIA, SETOR PRIVADO, REFERÊNCIA A VALIDAR"
Nasofaringe,paliativo/metastático,Esquema TP,,Cisplatina,75,mg/m²,EV,D1,21,até progressão/toxicidade,,,,"periodicidade: A cada 21 dias, até progressão de doença ou toxicidade limitante",307,"SOnHe 2024 — FONTE SECUNDÁRIA, SETOR PRIVADO, REFERÊNCIA A VALIDAR"
Nasofaringe,paliativo/metastático,Docetaxel monoterapia,,Docetaxel,100,mg/m²,EV,D1,21,até progressão/toxicidade,,,,"periodicidade: A cada 21 dias, até progressão de doença ou toxicidade limitante",308,"SOnHe 2024 — FONTE SECUNDÁRIA, SETOR PRIVADO, REFERÊNCIA A VALIDAR"
Sarcoma ósseo do adulto,neoadjuvante,Esquema Doxo + CDDP,,Doxorrubicina,25,mg/m²,EV,D1 a D3,21,3,,,,"Suporte G-CSF | periodicidade: Neoadjuvante: a cada 21 dias, 3 ciclos pré- e 3 ciclos pós-cirurgia Adjuvante: a cada 21 dias, 4 ciclos Paliativo: A cada 21 dias, até progressão de doença ou toxicidade limitante (atentar à dose máxima de Doxorrubicina por m²: 375 a 450 mg/m²)",316,"SOnHe 2024 — FONTE SECUNDÁRIA, SETOR PRIVADO, REFERÊNCIA A VALIDAR"
Sarcoma ósseo do adulto,neoadjuvante,Esquema Doxo + CDDP,,CDDP,80,mg/m²,EV,D1,21,3,,,,"Suporte G-CSF | periodicidade: Neoadjuvante: a cada 21 dias, 3 ciclos pré- e 3 ciclos pós-cirurgia Adjuvante: a cada 21 dias, 4 ciclos Paliativo: A cada 21 dias, até progressão de doença ou toxicidade limitante (atentar à dose máxima de Doxorrubicina por m²: 375 a 450 mg/m²)",316,"SOnHe 2024 — FONTE SECUNDÁRIA, SETOR PRIVADO, REFERÊNCIA A VALIDAR"
Sarcoma ósseo do adulto,neoadjuvante,Esquema Doxo + CDDP,,Filgrastima,300 mcg,fixa,SC,D7 a D13,21,3,,,,"Suporte G-CSF | periodicidade: Neoadjuvante: a cada 21 dias, 3 ciclos pré- e 3 ciclos pós-cirurgia Adjuvante: a cada 21 dias, 4 ciclos Paliativo: A cada 21 dias, até progressão de doença ou toxicidade limitante (atentar à dose máxima de Doxorrubicina por m²: 375 a 450 mg/m²)",316,"SOnHe 2024 — FONTE SECUNDÁRIA, SETOR PRIVADO, REFERÊNCIA A VALIDAR"
Sarcoma ósseo do adulto,neoadjuvante,Esquema Doxo + CDDP,,Pegfilgrastim,6 mg,fixa,SC,D7,21,3,,,,"Suporte G-CSF | periodicidade: Neoadjuvante: a cada 21 dias, 3 ciclos pré- e 3 ciclos pós-cirurgia Adjuvante: a cada 21 dias, 4 ciclos Paliativo: A cada 21 dias, até progressão de doença ou toxicidade limitante (atentar à dose máxima de Doxorrubicina por m²: 375 a 450 mg/m²)",316,"SOnHe 2024 — FONTE SECUNDÁRIA, SETOR PRIVADO, REFERÊNCIA A VALIDAR"
Sarcoma ósseo do adulto,adjuvante,Esquema Doxo + CDDP,,Doxorrubicina,25,mg/m²,EV,D1 a D3,21,4,,,,"Suporte G-CSF | periodicidade: Neoadjuvante: a cada 21 dias, 3 ciclos pré- e 3 ciclos pós-cirurgia Adjuvante: a cada 21 dias, 4 ciclos Paliativo: A cada 21 dias, até progressão de doença ou toxicidade limitante (atentar à dose máxima de Doxorrubicina por m²: 375 a 450 mg/m²)",316,"SOnHe 2024 — FONTE SECUNDÁRIA, SETOR PRIVADO, REFERÊNCIA A VALIDAR"
Sarcoma ósseo do adulto,adjuvante,Esquema Doxo + CDDP,,CDDP,80,mg/m²,EV,D1,21,4,,,,"Suporte G-CSF | periodicidade: Neoadjuvante: a cada 21 dias, 3 ciclos pré- e 3 ciclos pós-cirurgia Adjuvante: a cada 21 dias, 4 ciclos Paliativo: A cada 21 dias, até progressão de doença ou toxicidade limitante (atentar à dose máxima de Doxorrubicina por m²: 375 a 450 mg/m²)",316,"SOnHe 2024 — FONTE SECUNDÁRIA, SETOR PRIVADO, REFERÊNCIA A VALIDAR"
Sarcoma ósseo do adulto,adjuvante,Esquema Doxo + CDDP,,Filgrastima,300 mcg,fixa,SC,D7 a D13,21,4,,,,"Suporte G-CSF | periodicidade: Neoadjuvante: a cada 21 dias, 3 ciclos pré- e 3 ciclos pós-cirurgia Adjuvante: a cada 21 dias, 4 ciclos Paliativo: A cada 21 dias, até progressão de doença ou toxicidade limitante (atentar à dose máxima de Doxorrubicina por m²: 375 a 450 mg/m²)",316,"SOnHe 2024 — FONTE SECUNDÁRIA, SETOR PRIVADO, REFERÊNCIA A VALIDAR"
Sarcoma ósseo do adulto,adjuvante,Esquema Doxo + CDDP,,Pegfilgrastim,6 mg,fixa,SC,D7,21,4,,,,"Suporte G-CSF | periodicidade: Neoadjuvante: a cada 21 dias, 3 ciclos pré- e 3 ciclos pós-cirurgia Adjuvante: a cada 21 dias, 4 ciclos Paliativo: A cada 21 dias, até progressão de doença ou toxicidade limitante (atentar à dose máxima de Doxorrubicina por m²: 375 a 450 mg/m²)",316,"SOnHe 2024 — FONTE SECUNDÁRIA, SETOR PRIVADO, REFERÊNCIA A VALIDAR"
Sarcoma ósseo do adulto,paliativo/metastático,Esquema Doxo + CDDP,,Doxorrubicina,25,mg/m²,EV,D1 a D3,21,até progressão/toxicidade,,,,"Suporte G-CSF | periodicidade: Neoadjuvante: a cada 21 dias, 3 ciclos pré- e 3 ciclos pós-cirurgia Adjuvante: a cada 21 dias, 4 ciclos Paliativo: A cada 21 dias, até progressão de doença ou toxicidade limitante (atentar à dose máxima de Doxorrubicina por m²: 375 a 450 mg/m²)",316,"SOnHe 2024 — FONTE SECUNDÁRIA, SETOR PRIVADO, REFERÊNCIA A VALIDAR"
Sarcoma ósseo do adulto,paliativo/metastático,Esquema Doxo + CDDP,,CDDP,80,mg/m²,EV,D1,21,até progressão/toxicidade,,,,"Suporte G-CSF | periodicidade: Neoadjuvante: a cada 21 dias, 3 ciclos pré- e 3 ciclos pós-cirurgia Adjuvante: a cada 21 dias, 4 ciclos Paliativo: A cada 21 dias, até progressão de doença ou toxicidade limitante (atentar à dose máxima de Doxorrubicina por m²: 375 a 450 mg/m²)",316,"SOnHe 2024 — FONTE SECUNDÁRIA, SETOR PRIVADO, REFERÊNCIA A VALIDAR"
Sarcoma ósseo do adulto,paliativo/metastático,Esquema Doxo + CDDP,,Filgrastima,300 mcg,fixa,SC,D7 a D13,21,até progressão/toxicidade,,,,"Suporte G-CSF | periodicidade: Neoadjuvante: a cada 21 dias, 3 ciclos pré- e 3 ciclos pós-cirurgia Adjuvante: a cada 21 dias, 4 ciclos Paliativo: A cada 21 dias, até progressão de doença ou toxicidade limitante (atentar à dose máxima de Doxorrubicina por m²: 375 a 450 mg/m²)",316,"SOnHe 2024 — FONTE SECUNDÁRIA, SETOR PRIVADO, REFERÊNCIA A VALIDAR"
Sarcoma ósseo do adulto,paliativo/metastático,Esquema Doxo + CDDP,,Pegfilgrastim,6 mg,fixa,SC,D7,21,até progressão/toxicidade,,,,"Suporte G-CSF | periodicidade: Neoadjuvante: a cada 21 dias, 3 ciclos pré- e 3 ciclos pós-cirurgia Adjuvante: a cada 21 dias, 4 ciclos Paliativo: A cada 21 dias, até progressão de doença ou toxicidade limitante (atentar à dose máxima de Doxorrubicina por m²: 375 a 450 mg/m²)",316,"SOnHe 2024 — FONTE SECUNDÁRIA, SETOR PRIVADO, REFERÊNCIA A VALIDAR"
Sarcoma ósseo do adulto,,Esquema ICE,,Ifosfamida,1.800,mg/m²,EV,D1 a D5,21,17,,,,"Suporte G-CSF | periodicidade: A cada 21 dias, 17 ciclos",316,"SOnHe 2024 — FONTE SECUNDÁRIA, SETOR PRIVADO, REFERÊNCIA A VALIDAR"
Sarcoma ósseo do adulto,,Esquema ICE,,Mesna,900,mg/m²,EV,D1 a D5,21,17,,,,"Suporte G-CSF | 0 e 4h da Ifosfamida | periodicidade: A cada 21 dias, 17 ciclos",316,"SOnHe 2024 — FONTE SECUNDÁRIA, SETOR PRIVADO, REFERÊNCIA A VALIDAR"
Sarcoma ósseo do adulto,,Esquema ICE,,Etoposídeo,100,mg/m²,EV,D1 a D5,21,17,,,,"Suporte G-CSF | periodicidade: A cada 21 dias, 17 ciclos",316,"SOnHe 2024 — FONTE SECUNDÁRIA, SETOR PRIVADO, REFERÊNCIA A VALIDAR"
Sarcoma ósseo do adulto,,Esquema ICE,,Carboplatina,400,mg/m²,EV,D1,21,17,,,,"Suporte G-CSF | periodicidade: A cada 21 dias, 17 ciclos",316,"SOnHe 2024 — FONTE SECUNDÁRIA, SETOR PRIVADO, REFERÊNCIA A VALIDAR"
Sarcoma ósseo do adulto,,Esquema ICE,,Filgrastim,300 mcg,fixa,SC,D7 a D17,21,17,,,,"Suporte G-CSF | periodicidade: A cada 21 dias, 17 ciclos",316,"SOnHe 2024 — FONTE SECUNDÁRIA, SETOR PRIVADO, REFERÊNCIA A VALIDAR"
Sarcoma ósseo do adulto,,Esquema ICE,,Pegfilgrastim,6 mg,fixa,SC,D5,21,17,,,,"Suporte G-CSF | periodicidade: A cada 21 dias, 17 ciclos",316,"SOnHe 2024 — FONTE SECUNDÁRIA, SETOR PRIVADO, REFERÊNCIA A VALIDAR"
Sarcoma ósseo do adulto,,Esquema CAV-IFO/EP,,Ciclofosfamida,1.200,mg/m²,EV,D1,21,17,,,,"CAV nos ciclos ímpares (1,3,5,7,9,11,13,15,17) | Suporte G-CSF | periodicidade: A cada 21 dias, 17 ciclos",317,"SOnHe 2024 — FONTE SECUNDÁRIA, SETOR PRIVADO, REFERÊNCIA A VALIDAR"
Sarcoma ósseo do adulto,,Esquema CAV-IFO/EP,,Doxorrubicina,75,mg/m²,EV,D1,21,17,,,,"CAV nos ciclos ímpares (1,3,5,7,9,11,13,15,17) | Suporte G-CSF | Antracíclico | C1-C11 | periodicidade: A cada 21 dias, 17 ciclos",317,"SOnHe 2024 — FONTE SECUNDÁRIA, SETOR PRIVADO, REFERÊNCIA A VALIDAR"
Sarcoma ósseo do adulto,,Esquema CAV-IFO/EP,,Dactinomicina,"1,25",mg/m²,EV,D1,21,17,,,,"CAV nos ciclos ímpares (1,3,5,7,9,11,13,15,17) | Suporte G-CSF | Antracíclico | C11-C17 | periodicidade: A cada 21 dias, 17 ciclos",317,"SOnHe 2024 — FONTE SECUNDÁRIA, SETOR PRIVADO, REFERÊNCIA A VALIDAR"
Sarcoma ósseo do adulto,,Esquema CAV-IFO/EP,,Vincristina,2 mg,fixa,EV,D1,21,17,,,,"CAV nos ciclos ímpares (1,3,5,7,9,11,13,15,17) | Suporte G-CSF | Antracíclico | dose máxima | periodicidade: A cada 21 dias, 17 ciclos",317,"SOnHe 2024 — FONTE SECUNDÁRIA, SETOR PRIVADO, REFERÊNCIA A VALIDAR"
Sarcoma ósseo do adulto,,Esquema CAV-IFO/EP,,Ifosfamida,1.800,mg/m²,EV,D1 a D5,21,17,,,,"IFO/EP nos ciclos pares (2,4,6,8,10,12,14,16) | Suporte G-CSF | periodicidade: A cada 21 dias, 17 ciclos",317,"SOnHe 2024 — FONTE SECUNDÁRIA, SETOR PRIVADO, REFERÊNCIA A VALIDAR"
Sarcoma ósseo do adulto,,Esquema CAV-IFO/EP,,Mesna,900,mg/m²,EV,D1 a D5,21,17,,,,"IFO/EP nos ciclos pares (2,4,6,8,10,12,14,16) | Suporte G-CSF | 0 e 4h da Ifosfamida | periodicidade: A cada 21 dias, 17 ciclos",317,"SOnHe 2024 — FONTE SECUNDÁRIA, SETOR PRIVADO, REFERÊNCIA A VALIDAR"
Sarcoma ósseo do adulto,,Esquema CAV-IFO/EP,,Etoposideo,100,mg/m²,EV,D1 a D5,21,17,,,,"IFO/EP nos ciclos pares (2,4,6,8,10,12,14,16) | Suporte G-CSF | periodicidade: A cada 21 dias, 17 ciclos",317,"SOnHe 2024 — FONTE SECUNDÁRIA, SETOR PRIVADO, REFERÊNCIA A VALIDAR"
Sarcoma ósseo do adulto,,Esquema CAV-IFO/EP,,Filgrastim,300 mcg,fixa,SC,D5 a D14,21,17,,,,"Suporte G-CSF | periodicidade: A cada 21 dias, 17 ciclos",317,"SOnHe 2024 — FONTE SECUNDÁRIA, SETOR PRIVADO, REFERÊNCIA A VALIDAR"
Sarcoma ósseo do adulto,,Esquema CAV-IFO/EP,,Pegfilgrastim,6 mg,fixa,SC,D3,21,17,,,,"Suporte G-CSF | periodicidade: A cada 21 dias, 17 ciclos",317,"SOnHe 2024 — FONTE SECUNDÁRIA, SETOR PRIVADO, REFERÊNCIA A VALIDAR"
Sarcoma ósseo do adulto,paliativo/metastático,Ifosfamida isolada,,Ifosfamida,1.800,mg/m²,EV,D1 a D5,21,até progressão/toxicidade,,,,"periodicidade: A cada 21 dias, até progressão de doença ou toxicidade limitante",317,"SOnHe 2024 — FONTE SECUNDÁRIA, SETOR PRIVADO, REFERÊNCIA A VALIDAR"
Sarcoma ósseo do adulto,paliativo/metastático,Ifosfamida isolada,,Mesna,900,mg/m²,EV,D1 a D5,21,até progressão/toxicidade,,,,"0 e 4 horas da Ifosfamida | periodicidade: A cada 21 dias, até progressão de doença ou toxicidade limitante",317,"SOnHe 2024 — FONTE SECUNDÁRIA, SETOR PRIVADO, REFERÊNCIA A VALIDAR"
Sarcoma ósseo do adulto,paliativo/metastático,Esquema Docetaxel + Gencitabina,,Docetaxel,75,mg/m²,EV,D8,21,até progressão/toxicidade,,,,"Suporte G-CSF | periodicidade: A cada 21 dias, até progressão de doença ou toxicidade limitante",318,"SOnHe 2024 — FONTE SECUNDÁRIA, SETOR PRIVADO, REFERÊNCIA A VALIDAR"
Sarcoma ósseo do adulto,paliativo/metastático,Esquema Docetaxel + Gencitabina,,Gencitabina,900,mg/m²,EV,D1/D8,21,até progressão/toxicidade,,,,"Suporte G-CSF | periodicidade: A cada 21 dias, até progressão de doença ou toxicidade limitante",318,"SOnHe 2024 — FONTE SECUNDÁRIA, SETOR PRIVADO, REFERÊNCIA A VALIDAR"
Sarcoma ósseo do adulto,paliativo/metastático,Esquema Docetaxel + Gencitabina,,Filgrastim,300 mcg,fixa,SC,D9 a D15,21,até progressão/toxicidade,,,,"Suporte G-CSF | periodicidade: A cada 21 dias, até progressão de doença ou toxicidade limitante",318,"SOnHe 2024 — FONTE SECUNDÁRIA, SETOR PRIVADO, REFERÊNCIA A VALIDAR"
Sarcoma ósseo do adulto,paliativo/metastático,Esquema Docetaxel + Gencitabina,,Pegfilgrastim,6 mg,fixa,SC,D10,21,até progressão/toxicidade,,,,"Suporte G-CSF | periodicidade: A cada 21 dias, até progressão de doença ou toxicidade limitante",318,"SOnHe 2024 — FONTE SECUNDÁRIA, SETOR PRIVADO, REFERÊNCIA A VALIDAR"
Sarcoma ósseo do adulto,paliativo/metastático,Esquema CAV,,Ciclofosfamida,1.200,mg/m²,EV,D1,21,até progressão/toxicidade,,,,"Suporte G-CSF | periodicidade: A cada 21 dias, até progressão de doença ou toxicidade limitante",318,"SOnHe 2024 — FONTE SECUNDÁRIA, SETOR PRIVADO, REFERÊNCIA A VALIDAR"
Sarcoma ósseo do adulto,paliativo/metastático,Esquema CAV,,Doxorrubicina,75,mg/m²,EV,D1,21,até progressão/toxicidade,,,,"Suporte G-CSF | Antracíclico | C1-C11 | periodicidade: A cada 21 dias, até progressão de doença ou toxicidade limitante",318,"SOnHe 2024 — FONTE SECUNDÁRIA, SETOR PRIVADO, REFERÊNCIA A VALIDAR"
Sarcoma ósseo do adulto,paliativo/metastático,Esquema CAV,,Dactinomicina,"1,25",mg/m²,EV,D1,21,até progressão/toxicidade,,,,"Suporte G-CSF | Antracíclico | após C11 | texto do manual: ""Dactinomicina 1,25 mg/m² EV D1 (após C11)"" | periodicidade: A cada 21 dias, até progressão de doença ou toxicidade limitante",318,"SOnHe 2024 — FONTE SECUNDÁRIA, SETOR PRIVADO, REFERÊNCIA A VALIDAR"
Sarcoma ósseo do adulto,paliativo/metastático,Esquema CAV,,Vincristina,2 mg,fixa,EV,D1,21,até progressão/toxicidade,,,,"Suporte G-CSF | Antracíclico | dose máxima | periodicidade: A cada 21 dias, até progressão de doença ou toxicidade limitante",318,"SOnHe 2024 — FONTE SECUNDÁRIA, SETOR PRIVADO, REFERÊNCIA A VALIDAR"
Sarcoma ósseo do adulto,paliativo/metastático,Esquema CAV,,Filgrastim,300 mcg,fixa,SC,D3 a D10,21,até progressão/toxicidade,,,,"Suporte G-CSF | periodicidade: A cada 21 dias, até progressão de doença ou toxicidade limitante",318,"SOnHe 2024 — FONTE SECUNDÁRIA, SETOR PRIVADO, REFERÊNCIA A VALIDAR"
Sarcoma ósseo do adulto,paliativo/metastático,Esquema CAV,,Pegfilgrastim,6 mg,fixa,SC,D3,21,até progressão/toxicidade,,,,"Suporte G-CSF | periodicidade: A cada 21 dias, até progressão de doença ou toxicidade limitante",318,"SOnHe 2024 — FONTE SECUNDÁRIA, SETOR PRIVADO, REFERÊNCIA A VALIDAR"
Sarcoma ósseo do adulto,paliativo/metastático,Larotrectinibe*,,Larotrectinibe,100 mg,fixa,VO,2x/dia,contínuo,até progressão/toxicidade,,,,"periodicidade: Continuamente, até progressão de doença ou toxicidade limitante",319,"SOnHe 2024 — FONTE SECUNDÁRIA, SETOR PRIVADO, REFERÊNCIA A VALIDAR"
Sarcoma de partes moles,adjuvante,Esquema Doxo + Ifo,,Doxorrubicina,75,mg/m²,EV,D1,21,4,,,,"Suporte G-CSF | periodicidade: Adjuvante: a cada 21 dias, 4 ciclos Neoadjuvante: a cada 21 dias, 3 ciclos Paliativo: a cada 21 dias, até progressão de doença ou toxicidade limitante",330,"SOnHe 2024 — FONTE SECUNDÁRIA, SETOR PRIVADO, REFERÊNCIA A VALIDAR"
Sarcoma de partes moles,adjuvante,Esquema Doxo + Ifo,,Ifosfamida,1.800,mg/m²,EV,D1 a D5,21,4,,,,"Suporte G-CSF | periodicidade: Adjuvante: a cada 21 dias, 4 ciclos Neoadjuvante: a cada 21 dias, 3 ciclos Paliativo: a cada 21 dias, até progressão de doença ou toxicidade limitante",330,"SOnHe 2024 — FONTE SECUNDÁRIA, SETOR PRIVADO, REFERÊNCIA A VALIDAR"
Sarcoma de partes moles,adjuvante,Esquema Doxo + Ifo,,Mesna,900,mg/m²,EV,D1 a D5,21,4,,,,"Suporte G-CSF | 0 e 4 horas após a Ifosfamida | texto do manual: ""Mesna 900 mg/m² EV (0 e 4 horas após a Ifosfamida) D1 a D5"" | periodicidade: Adjuvante: a cada 21 dias, 4 ciclos Neoadjuvante: a cada 21 dias, 3 ciclos Paliativo: a cada 21 dias, até progressão de doença ou toxicidade limitante",330,"SOnHe 2024 — FONTE SECUNDÁRIA, SETOR PRIVADO, REFERÊNCIA A VALIDAR"
Sarcoma de partes moles,adjuvante,Esquema Doxo + Ifo,,Filgrastim,300 mcg,fixa,SC,D7 a D13,21,4,,,,"Suporte G-CSF | periodicidade: Adjuvante: a cada 21 dias, 4 ciclos Neoadjuvante: a cada 21 dias, 3 ciclos Paliativo: a cada 21 dias, até progressão de doença ou toxicidade limitante",330,"SOnHe 2024 — FONTE SECUNDÁRIA, SETOR PRIVADO, REFERÊNCIA A VALIDAR"
Sarcoma de partes moles,adjuvante,Esquema Doxo + Ifo,,Pegfilgrastim,6 mg,fixa,SC,D7,21,4,,,,"Suporte G-CSF | periodicidade: Adjuvante: a cada 21 dias, 4 ciclos Neoadjuvante: a cada 21 dias, 3 ciclos Paliativo: a cada 21 dias, até progressão de doença ou toxicidade limitante",330,"SOnHe 2024 — FONTE SECUNDÁRIA, SETOR PRIVADO, REFERÊNCIA A VALIDAR"
Sarcoma de partes moles,neoadjuvante,Esquema Doxo + Ifo,,Doxorrubicina,75,mg/m²,EV,D1,21,3,,,,"Suporte G-CSF | periodicidade: Adjuvante: a cada 21 dias, 4 ciclos Neoadjuvante: a cada 21 dias, 3 ciclos Paliativo: a cada 21 dias, até progressão de doença ou toxicidade limitante",330,"SOnHe 2024 — FONTE SECUNDÁRIA, SETOR PRIVADO, REFERÊNCIA A VALIDAR"
Sarcoma de partes moles,neoadjuvante,Esquema Doxo + Ifo,,Ifosfamida,1.800,mg/m²,EV,D1 a D5,21,3,,,,"Suporte G-CSF | periodicidade: Adjuvante: a cada 21 dias, 4 ciclos Neoadjuvante: a cada 21 dias, 3 ciclos Paliativo: a cada 21 dias, até progressão de doença ou toxicidade limitante",330,"SOnHe 2024 — FONTE SECUNDÁRIA, SETOR PRIVADO, REFERÊNCIA A VALIDAR"
Sarcoma de partes moles,neoadjuvante,Esquema Doxo + Ifo,,Mesna,900,mg/m²,EV,D1 a D5,21,3,,,,"Suporte G-CSF | 0 e 4 horas após a Ifosfamida | texto do manual: ""Mesna 900 mg/m² EV (0 e 4 horas após a Ifosfamida) D1 a D5"" | periodicidade: Adjuvante: a cada 21 dias, 4 ciclos Neoadjuvante: a cada 21 dias, 3 ciclos Paliativo: a cada 21 dias, até progressão de doença ou toxicidade limitante",330,"SOnHe 2024 — FONTE SECUNDÁRIA, SETOR PRIVADO, REFERÊNCIA A VALIDAR"
Sarcoma de partes moles,neoadjuvante,Esquema Doxo + Ifo,,Filgrastim,300 mcg,fixa,SC,D7 a D13,21,3,,,,"Suporte G-CSF | periodicidade: Adjuvante: a cada 21 dias, 4 ciclos Neoadjuvante: a cada 21 dias, 3 ciclos Paliativo: a cada 21 dias, até progressão de doença ou toxicidade limitante",330,"SOnHe 2024 — FONTE SECUNDÁRIA, SETOR PRIVADO, REFERÊNCIA A VALIDAR"
Sarcoma de partes moles,neoadjuvante,Esquema Doxo + Ifo,,Pegfilgrastim,6 mg,fixa,SC,D7,21,3,,,,"Suporte G-CSF | periodicidade: Adjuvante: a cada 21 dias, 4 ciclos Neoadjuvante: a cada 21 dias, 3 ciclos Paliativo: a cada 21 dias, até progressão de doença ou toxicidade limitante",330,"SOnHe 2024 — FONTE SECUNDÁRIA, SETOR PRIVADO, REFERÊNCIA A VALIDAR"
Sarcoma de partes moles,paliativo/metastático,Esquema Doxo + Ifo,,Doxorrubicina,75,mg/m²,EV,D1,21,até progressão/toxicidade,,,,"Suporte G-CSF | periodicidade: Adjuvante: a cada 21 dias, 4 ciclos Neoadjuvante: a cada 21 dias, 3 ciclos Paliativo: a cada 21 dias, até progressão de doença ou toxicidade limitante",330,"SOnHe 2024 — FONTE SECUNDÁRIA, SETOR PRIVADO, REFERÊNCIA A VALIDAR"
Sarcoma de partes moles,paliativo/metastático,Esquema Doxo + Ifo,,Ifosfamida,1.800,mg/m²,EV,D1 a D5,21,até progressão/toxicidade,,,,"Suporte G-CSF | periodicidade: Adjuvante: a cada 21 dias, 4 ciclos Neoadjuvante: a cada 21 dias, 3 ciclos Paliativo: a cada 21 dias, até progressão de doença ou toxicidade limitante",330,"SOnHe 2024 — FONTE SECUNDÁRIA, SETOR PRIVADO, REFERÊNCIA A VALIDAR"
Sarcoma de partes moles,paliativo/metastático,Esquema Doxo + Ifo,,Mesna,900,mg/m²,EV,D1 a D5,21,até progressão/toxicidade,,,,"Suporte G-CSF | 0 e 4 horas após a Ifosfamida | texto do manual: ""Mesna 900 mg/m² EV (0 e 4 horas após a Ifosfamida) D1 a D5"" | periodicidade: Adjuvante: a cada 21 dias, 4 ciclos Neoadjuvante: a cada 21 dias, 3 ciclos Paliativo: a cada 21 dias, até progressão de doença ou toxicidade limitante",330,"SOnHe 2024 — FONTE SECUNDÁRIA, SETOR PRIVADO, REFERÊNCIA A VALIDAR"
Sarcoma de partes moles,paliativo/metastático,Esquema Doxo + Ifo,,Filgrastim,300 mcg,fixa,SC,D7 a D13,21,até progressão/toxicidade,,,,"Suporte G-CSF | periodicidade: Adjuvante: a cada 21 dias, 4 ciclos Neoadjuvante: a cada 21 dias, 3 ciclos Paliativo: a cada 21 dias, até progressão de doença ou toxicidade limitante",330,"SOnHe 2024 — FONTE SECUNDÁRIA, SETOR PRIVADO, REFERÊNCIA A VALIDAR"
Sarcoma de partes moles,paliativo/metastático,Esquema Doxo + Ifo,,Pegfilgrastim,6 mg,fixa,SC,D7,21,até progressão/toxicidade,,,,"Suporte G-CSF | periodicidade: Adjuvante: a cada 21 dias, 4 ciclos Neoadjuvante: a cada 21 dias, 3 ciclos Paliativo: a cada 21 dias, até progressão de doença ou toxicidade limitante",330,"SOnHe 2024 — FONTE SECUNDÁRIA, SETOR PRIVADO, REFERÊNCIA A VALIDAR"
Sarcoma de partes moles,paliativo/metastático,Ifosfamida monoterapia,,Ifosfamida,1.800,mg/m²,EV,D1 a D5,21,até progressão/toxicidade,,,,"periodicidade: A cada 21 dias, até progressão de doença ou toxicidade limitante.",330,"SOnHe 2024 — FONTE SECUNDÁRIA, SETOR PRIVADO, REFERÊNCIA A VALIDAR"
Sarcoma de partes moles,paliativo/metastático,Ifosfamida monoterapia,,Mesna,900,mg/m²,EV,D1 a D5,21,até progressão/toxicidade,,,,"0 e 4 horas após a Ifosfamida | texto do manual: ""Mesna 900 mg/m² EV (0 e 4 horas após a Ifosfamida) D1 a D5"" | periodicidade: A cada 21 dias, até progressão de doença ou toxicidade limitante.",330,"SOnHe 2024 — FONTE SECUNDÁRIA, SETOR PRIVADO, REFERÊNCIA A VALIDAR"
Sarcoma de partes moles,paliativo/metastático,Docetaxel + Gencitabina,,Docetaxel,75,mg/m²,EV,D1,21,até progressão/toxicidade,,,,"Suporte G-CSF | periodicidade: A cada 21 dias, até progressão de doença ou toxicidade limitante",331,"SOnHe 2024 — FONTE SECUNDÁRIA, SETOR PRIVADO, REFERÊNCIA A VALIDAR"
Sarcoma de partes moles,paliativo/metastático,Docetaxel + Gencitabina,,Gencitabina,900,mg/m²,EV,D1/D8,21,até progressão/toxicidade,,,,"Suporte G-CSF | periodicidade: A cada 21 dias, até progressão de doença ou toxicidade limitante",331,"SOnHe 2024 — FONTE SECUNDÁRIA, SETOR PRIVADO, REFERÊNCIA A VALIDAR"
Sarcoma de partes moles,paliativo/metastático,Docetaxel + Gencitabina,,Filgrastim,300 mcg,fixa,SC,D9 a D15,21,até progressão/toxicidade,,,,"Suporte G-CSF | periodicidade: A cada 21 dias, até progressão de doença ou toxicidade limitante",331,"SOnHe 2024 — FONTE SECUNDÁRIA, SETOR PRIVADO, REFERÊNCIA A VALIDAR"
Sarcoma de partes moles,paliativo/metastático,Docetaxel + Gencitabina,,Pegfilgrastim,6 mg,fixa,SC,D10,21,até progressão/toxicidade,,,,"Suporte G-CSF | periodicidade: A cada 21 dias, até progressão de doença ou toxicidade limitante",331,"SOnHe 2024 — FONTE SECUNDÁRIA, SETOR PRIVADO, REFERÊNCIA A VALIDAR"
Sarcoma de partes moles,paliativo/metastático,Doxorrubicina + Dacarbazina,,Doxorrubicina,75,mg/m²,EV,D1,21,até progressão/toxicidade,,,,"periodicidade: A cada 21 dias, até progressão de doença ou toxicidade limitante",331,"SOnHe 2024 — FONTE SECUNDÁRIA, SETOR PRIVADO, REFERÊNCIA A VALIDAR"
Sarcoma de partes moles,paliativo/metastático,Doxorrubicina + Dacarbazina,,Dacarbazina,400,mg/m²,EV,D1 a D3,21,até progressão/toxicidade,,,,"periodicidade: A cada 21 dias, até progressão de doença ou toxicidade limitante",331,"SOnHe 2024 — FONTE SECUNDÁRIA, SETOR PRIVADO, REFERÊNCIA A VALIDAR"
Sarcoma de partes moles,paliativo/metastático,Paclitaxel,,Paclitaxel,80,mg/m²,EV,D1/D8/D15,28,até progressão/toxicidade,,,,"periodicidade: A cada 28 dias, até progressão de doença ou toxicidade limitante",331,"SOnHe 2024 — FONTE SECUNDÁRIA, SETOR PRIVADO, REFERÊNCIA A VALIDAR"
Sarcoma de partes moles,paliativo/metastático,Doxorrubicina lipossomal,,Doxorrubicina lipossomal,35,mg/m²,EV,D1,28,até progressão/toxicidade,,,,"periodicidade: A cada 28 dias, até progressão de doença ou toxicidade limitante",332,"SOnHe 2024 — FONTE SECUNDÁRIA, SETOR PRIVADO, REFERÊNCIA A VALIDAR"
Sarcoma de partes moles,paliativo/metastático,Sorafenibe,,Sorafenibe,400 mg,fixa,VO,1x/dia,contínuo,até progressão/toxicidade,,,,"periodicidade: Continuamente, até progressão de doença ou toxicidade limitante",332,"SOnHe 2024 — FONTE SECUNDÁRIA, SETOR PRIVADO, REFERÊNCIA A VALIDAR"
Sarcoma de partes moles,paliativo/metastático,Pazopanibe,,Pazopanibe,800 mg,fixa,VO,1x/dia,contínuo,até progressão/toxicidade,,,,"periodicidade: Continuamente, até progressão de doença ou toxicidade limitante",332,"SOnHe 2024 — FONTE SECUNDÁRIA, SETOR PRIVADO, REFERÊNCIA A VALIDAR"
Sarcoma de partes moles,paliativo/metastático,Tamoxifeno + Sulindaco,,Tamoxifeno,120 mg,fixa,VO,1x/dia,contínuo,até progressão/toxicidade,,,,"periodicidade: Continuamente, até progressão de doença ou toxicidade limitante",332,"SOnHe 2024 — FONTE SECUNDÁRIA, SETOR PRIVADO, REFERÊNCIA A VALIDAR"
Sarcoma de partes moles,paliativo/metastático,Tamoxifeno + Sulindaco,,Sulindaco,300 mg,fixa,VO,1x/dia,contínuo,até progressão/toxicidade,,,,"periodicidade: Continuamente, até progressão de doença ou toxicidade limitante",332,"SOnHe 2024 — FONTE SECUNDÁRIA, SETOR PRIVADO, REFERÊNCIA A VALIDAR"
Sarcoma de partes moles,paliativo/metastático,Imatinibe,,Imatinibe,400 mg,fixa,VO,2x ao dia,contínuo,até progressão/toxicidade,,,,"periodicidade: Continuamente, até progressão de doença ou toxicidade limitante",333,"SOnHe 2024 — FONTE SECUNDÁRIA, SETOR PRIVADO, REFERÊNCIA A VALIDAR"
Sarcoma de partes moles,paliativo/metastático,Larotrectinibe,,Larotrectinibe,100 mg,fixa,VO,2x/dia,contínuo,até progressão/toxicidade,,,,"periodicidade: Continuamente, até progressão de doença ou toxicidade limitante",333,"SOnHe 2024 — FONTE SECUNDÁRIA, SETOR PRIVADO, REFERÊNCIA A VALIDAR"
Sarcoma de partes moles,paliativo/metastático,Sunitinibe,,Sunitinibe,50 mg,fixa,VO,D1 a D14; 1x/dia,21,até progressão/toxicidade,,,,"periodicidade: A cada 21 dias, até progressão de doença ou toxicidade limitante",333,"SOnHe 2024 — FONTE SECUNDÁRIA, SETOR PRIVADO, REFERÊNCIA A VALIDAR"
GIST,paliativo/metastático,Imatinibe,,Imatinibe,400 mg,fixa,VO,1x/dia,contínuo,até progressão/toxicidade,,,,"Dose padrão | texto do manual: ""Dose padrão: Imatinibe 400 mg 1 comprimido VO 1x/dia"" | periodicidade: Continuamente, até progressão de doença ou toxicidade limitante.",340,"SOnHe 2024 — FONTE SECUNDÁRIA, SETOR PRIVADO, REFERÊNCIA A VALIDAR"
GIST,paliativo/metastático,Imatinibe,,Imatinibe,400 mg,fixa,VO,1x/dia,contínuo,até progressão/toxicidade,,,,"Dose alta | texto do manual: ""Dose alta: Imatinibe 400 mg 2 comprimidos VO, 1x/dia"" | periodicidade: Continuamente, até progressão de doença ou toxicidade limitante.",340,"SOnHe 2024 — FONTE SECUNDÁRIA, SETOR PRIVADO, REFERÊNCIA A VALIDAR"
GIST,paliativo/metastático,Sunitinibe (esquema padrão),,Sunitinibe,50 mg,fixa,VO,D1 a D28; 1x/dia,42,até progressão/toxicidade,,,,"texto do manual: ""Sunitinibe 50 mg 1 comprimido VO 1x/dia D1 a D28"" | periodicidade: A cada 6 semanas, até progressão de doença ou toxicidade limitante",340,"SOnHe 2024 — FONTE SECUNDÁRIA, SETOR PRIVADO, REFERÊNCIA A VALIDAR"
GIST,paliativo/metastático,Sunitinibe (esquema alternativo),,Sunitinibe,"37,5 mg",fixa,VO,1x/dia,contínuo,até progressão/toxicidade,,,,"texto do manual: ""Sunitinibe 37,5 mg 1 comprimido VO 1x/dia"" | periodicidade: Continuamente, até progressão de doença ou toxicidade limitante",340,"SOnHe 2024 — FONTE SECUNDÁRIA, SETOR PRIVADO, REFERÊNCIA A VALIDAR"
GIST,paliativo/metastático,Regorafenibe,,Regorafenibe,40 mg,fixa,VO,D1 a D21; 1x/dia,28,até progressão/toxicidade,,,,"texto do manual: ""Regorafenibe 40 mg 4 comprimidos VO 1x/dia D1 a D21"" | periodicidade: A cada 28 dias, até progressão de doença ou toxicidade limitante",341,"SOnHe 2024 — FONTE SECUNDÁRIA, SETOR PRIVADO, REFERÊNCIA A VALIDAR"
GIST,paliativo/metastático,Nilotinibe,,Nilotinibe,200 mg,fixa,VO,12/12 horas,contínuo,até progressão/toxicidade,,,,"texto do manual: ""Nilotinibe 200 mg 2 comprimidos VO 12/12 horas"" | periodicidade: Continuamente, até progressão de doença ou toxicidade limitante",341,"SOnHe 2024 — FONTE SECUNDÁRIA, SETOR PRIVADO, REFERÊNCIA A VALIDAR"
GIST,paliativo/metastático,Sorafenibe,,Sorafenibe,200 mg,fixa,VO,1x/dia,contínuo,até progressão/toxicidade,,,,"texto do manual: ""Sorafenibe: 200 mg 2 comprimidos VO 1x/dia"" | periodicidade: Continuamente, até progressão de doença ou toxicidade limitante",341,"SOnHe 2024 — FONTE SECUNDÁRIA, SETOR PRIVADO, REFERÊNCIA A VALIDAR"
GIST,paliativo/metastático,Avapritinibe,,Avapritinibe,300 mg,fixa,VO,1x/dia,contínuo,até progressão/toxicidade,,,,"texto do manual: ""Avapritinibe 300 mg 1 comprimido VO 1x/dia"" | periodicidade: Continuamente, até progressão de doença ou toxicidade limitante.",341,"SOnHe 2024 — FONTE SECUNDÁRIA, SETOR PRIVADO, REFERÊNCIA A VALIDAR"
GIST,paliativo/metastático,Ripretinibe,,Ripretinibe,150 mg,fixa,VO,1x/dia,contínuo,até progressão/toxicidade,,,,"texto do manual: ""Ripretinibe: 150 mg 1 comprimido VO 1x/dia"" | periodicidade: Continuamente, até progressão de doença ou toxicidade limitante",342,"SOnHe 2024 — FONTE SECUNDÁRIA, SETOR PRIVADO, REFERÊNCIA A VALIDAR"
Tireoide,paliativo/metastático,Lenvatinibe,,Lenvatinibe,24 mg,fixa,VO,1x/dia,contínuo,até progressão/toxicidade,,,,"periodicidade: Continuamente, até progressão de doença ou toxicidade limitante",351,"SOnHe 2024 — FONTE SECUNDÁRIA, SETOR PRIVADO, REFERÊNCIA A VALIDAR"
Tireoide,paliativo/metastático,Sorafenibe*,,Sorafenibe,400 mg,fixa,VO,12/12h,contínuo,até progressão/toxicidade,,,,"periodicidade: Continuamente, até progressão de doença ou toxicidade limitante",351,"SOnHe 2024 — FONTE SECUNDÁRIA, SETOR PRIVADO, REFERÊNCIA A VALIDAR"
Tireoide,paliativo/metastático,Vandetanibe*,,Vandetanibe,300 mg,fixa,VO,1x/dia,contínuo,até progressão/toxicidade,,,,"periodicidade: Continuamente, até progressão de doença ou toxicidade limitante",352,"SOnHe 2024 — FONTE SECUNDÁRIA, SETOR PRIVADO, REFERÊNCIA A VALIDAR"
Tireoide,paliativo/metastático,Larotrectinibe*,,Larotrectinibe,100 mg,fixa,VO,12/12h,contínuo,até progressão/toxicidade,,,,"periodicidade: Continuamente, até progressão de doença ou toxicidade limitante",352,"SOnHe 2024 — FONTE SECUNDÁRIA, SETOR PRIVADO, REFERÊNCIA A VALIDAR"
Tireoide,paliativo/metastático,Dabrafenibe + Trametinibe*,,Dabrafenibe,150 mg,fixa,VO,12/12h,contínuo,até progressão/toxicidade,,,,"periodicidade: Continuamente, até progressão de doença ou toxicidade limitante",352,"SOnHe 2024 — FONTE SECUNDÁRIA, SETOR PRIVADO, REFERÊNCIA A VALIDAR"
Tireoide,paliativo/metastático,Dabrafenibe + Trametinibe*,,Trametinibe,2 mg,fixa,VO,1x/dia,contínuo,até progressão/toxicidade,,,,"periodicidade: Continuamente, até progressão de doença ou toxicidade limitante",352,"SOnHe 2024 — FONTE SECUNDÁRIA, SETOR PRIVADO, REFERÊNCIA A VALIDAR"
Tireoide,paliativo/metastático,Cabozantinibe,,Cabozantinibe,60 mg,fixa,VO,1x/dia,contínuo,até progressão/toxicidade,,,,"CDT | CMT | periodicidade: Continuamente, até progressão de doença ou toxicidade limitante",353,"SOnHe 2024 — FONTE SECUNDÁRIA, SETOR PRIVADO, REFERÊNCIA A VALIDAR"
Tireoide,paliativo/metastático,DTIC monoterapia,,DTIC,1.000,mg/m²,EV,D1,28,até progressão/toxicidade,,,,"periodicidade: A cada 28 dias, até progressão de doença ou toxicidade limitante",353,"SOnHe 2024 — FONTE SECUNDÁRIA, SETOR PRIVADO, REFERÊNCIA A VALIDAR"
Tireoide,paliativo/metastático,DTIC + 5FU,,DTIC,250,mg/m²,EV,D1 a D5,28,até progressão/toxicidade,,,,"periodicidade: A cada 28 dias, até progressão de doença ou toxicidade limitante",353,"SOnHe 2024 — FONTE SECUNDÁRIA, SETOR PRIVADO, REFERÊNCIA A VALIDAR"
Tireoide,paliativo/metastático,DTIC + 5FU,,5FU,450,mg/m²,EV,D1 a D5,28,até progressão/toxicidade,,,,"periodicidade: A cada 28 dias, até progressão de doença ou toxicidade limitante",353,"SOnHe 2024 — FONTE SECUNDÁRIA, SETOR PRIVADO, REFERÊNCIA A VALIDAR"
Tireoide,paliativo/metastático,DTIC + 5FU + Epirrubicina,,DTIC,200,mg/m²,EV,D1 a D3,21,até progressão/toxicidade,,,,"periodicidade: A cada 21 dias, até progressão de doença ou toxicidade limitante",354,"SOnHe 2024 — FONTE SECUNDÁRIA, SETOR PRIVADO, REFERÊNCIA A VALIDAR"
Tireoide,paliativo/metastático,DTIC + 5FU + Epirrubicina,,5FU,250-500,mg/m²,EV,D1 a D3,21,até progressão/toxicidade,,,,"periodicidade: A cada 21 dias, até progressão de doença ou toxicidade limitante",354,"SOnHe 2024 — FONTE SECUNDÁRIA, SETOR PRIVADO, REFERÊNCIA A VALIDAR"
Tireoide,paliativo/metastático,DTIC + 5FU + Epirrubicina,,Epirrubicina,25-30,mg/m²,EV,D1 a D3,21,até progressão/toxicidade,,,,"periodicidade: A cada 21 dias, até progressão de doença ou toxicidade limitante",354,"SOnHe 2024 — FONTE SECUNDÁRIA, SETOR PRIVADO, REFERÊNCIA A VALIDAR"
TNE gastrointestinal/pancreático,paliativo/metastático,Análogos de somatostatina,,Octretotide LAR,30 mg,fixa,IM,D1,28,até progressão/toxicidade,,,,"drogas listadas como opções alternativas (não combinação) | periodicidade: A cada 28 dias, até progressão de doença ou toxicidade limitante",360,"SOnHe 2024 — FONTE SECUNDÁRIA, SETOR PRIVADO, REFERÊNCIA A VALIDAR"
TNE gastrointestinal/pancreático,paliativo/metastático,Análogos de somatostatina,,Lanreotide autogel,120 mg,fixa,SC,D1,28,até progressão/toxicidade,,,,"drogas listadas como opções alternativas (não combinação) | alternativa (OU) | periodicidade: A cada 28 dias, até progressão de doença ou toxicidade limitante",360,"SOnHe 2024 — FONTE SECUNDÁRIA, SETOR PRIVADO, REFERÊNCIA A VALIDAR"
TNE gastrointestinal/pancreático,paliativo/metastático,Everolimo,,Everolimo,10 mg,fixa,VO,1x/dia,contínuo,até progressão/toxicidade,,,,"texto do manual: ""Everolimo 10mg, 1 comprimido, VO, 1x/dia"" | periodicidade: Continuamente, até progressão de doença ou toxicidade limitante",360,"SOnHe 2024 — FONTE SECUNDÁRIA, SETOR PRIVADO, REFERÊNCIA A VALIDAR"
TNE gastrointestinal/pancreático,,Lutécio-177,,Lutécio-177 Dotatato,"7,4 GBq",fixa,,,56,4,,,,"periodicidade: A cada 56 dias, 4 ciclos",360,"SOnHe 2024 — FONTE SECUNDÁRIA, SETOR PRIVADO, REFERÊNCIA A VALIDAR"
TNE gastrointestinal/pancreático,paliativo/metastático,Esquema CapTem,,Capecitabina,750,mg/m²,VO,D1 a D14; 12/12h,28,até progressão/toxicidade,,,,"periodicidade: A cada 28 dias, até progressão de doença ou toxicidade limitante",361,"SOnHe 2024 — FONTE SECUNDÁRIA, SETOR PRIVADO, REFERÊNCIA A VALIDAR"
TNE gastrointestinal/pancreático,paliativo/metastático,Esquema CapTem,,Temozolamida,200,mg/m²,VO,D1 a D14; 1x/dia,28,até progressão/toxicidade,,,,"periodicidade: A cada 28 dias, até progressão de doença ou toxicidade limitante",361,"SOnHe 2024 — FONTE SECUNDÁRIA, SETOR PRIVADO, REFERÊNCIA A VALIDAR"
TNE gastrointestinal/pancreático,paliativo/metastático,Sunitinibe,,Sunitinibe,"37,5 mg",fixa,VO,1x/dia,contínuo,até progressão/toxicidade,,,,"texto do manual: ""Sunitinibe 37,5mg, 1 comprimido, VO, 1x/dia"" | periodicidade: Continuamente, até progressão de doença ou toxicidade limitante",361,"SOnHe 2024 — FONTE SECUNDÁRIA, SETOR PRIVADO, REFERÊNCIA A VALIDAR"
TNE gastrointestinal/pancreático,paliativo/metastático,Esquema FOLFOX,,Oxaliplatina,85,mg/m²,EV,D1,14,até progressão/toxicidade,,,,"periodicidade: A cada 14 dias, até progressão de doença ou toxicidade limitante",361,"SOnHe 2024 — FONTE SECUNDÁRIA, SETOR PRIVADO, REFERÊNCIA A VALIDAR"
TNE gastrointestinal/pancreático,paliativo/metastático,Esquema FOLFOX,,Ácido folínico,400,mg/m²,EV,D1,14,até progressão/toxicidade,,,,"periodicidade: A cada 14 dias, até progressão de doença ou toxicidade limitante",361,"SOnHe 2024 — FONTE SECUNDÁRIA, SETOR PRIVADO, REFERÊNCIA A VALIDAR"
TNE gastrointestinal/pancreático,paliativo/metastático,Esquema FOLFOX,,5-Fluorouracil,400,mg/m²,EV,D1,14,até progressão/toxicidade,bolus,,,"periodicidade: A cada 14 dias, até progressão de doença ou toxicidade limitante",361,"SOnHe 2024 — FONTE SECUNDÁRIA, SETOR PRIVADO, REFERÊNCIA A VALIDAR"
TNE gastrointestinal/pancreático,paliativo/metastático,Esquema FOLFOX,,5-Fluorouracil,2.400,mg/m²,EV,D1,14,até progressão/toxicidade,46 h (bomba de infusão),,,"periodicidade: A cada 14 dias, até progressão de doença ou toxicidade limitante",361,"SOnHe 2024 — FONTE SECUNDÁRIA, SETOR PRIVADO, REFERÊNCIA A VALIDAR"
Gliomas,adjuvante,Temozolamida sequencial à RT,,Temozolamida,200,mg/m²,VO,D1 a D5; 1x/dia,28,6,,,,"iniciando 28 dias após RT; no primeiro ciclo, realizar dose de 150mg/m² para testar mielotoxicidade | texto do manual: ""Temozolamida 200 mg/m² VO 1x/dia D1 a D5 (iniciando 28 dias após RT; no primeiro ciclo, realizar dose de 150mg/m² para testar mielotoxicidade)"" | periodicidade: Adjuvante: a cada 28 dias, 6 ciclos Paliativo: a cada 28 dias, até progressão de doença ou toxicidade limitante",368,"SOnHe 2024 — FONTE SECUNDÁRIA, SETOR PRIVADO, REFERÊNCIA A VALIDAR"
Gliomas,paliativo/metastático,Temozolamida sequencial à RT,,Temozolamida,200,mg/m²,VO,D1 a D5; 1x/dia,28,até progressão/toxicidade,,,,"iniciando 28 dias após RT; no primeiro ciclo, realizar dose de 150mg/m² para testar mielotoxicidade | texto do manual: ""Temozolamida 200 mg/m² VO 1x/dia D1 a D5 (iniciando 28 dias após RT; no primeiro ciclo, realizar dose de 150mg/m² para testar mielotoxicidade)"" | periodicidade: Adjuvante: a cada 28 dias, 6 ciclos Paliativo: a cada 28 dias, até progressão de doença ou toxicidade limitante",368,"SOnHe 2024 — FONTE SECUNDÁRIA, SETOR PRIVADO, REFERÊNCIA A VALIDAR"
Gliomas,adjuvante,Temozolamida concomitante e sequencial à RT,,Temozolamida,75,mg/m²,VO,1x/dia; nos dias de RT,28,6,,,,"periodicidade: Adjuvante: a cada 28 dias, 6 ciclos Paliativo: a cada 28 dias, até progressão de doença ou toxicidade limitante",368,"SOnHe 2024 — FONTE SECUNDÁRIA, SETOR PRIVADO, REFERÊNCIA A VALIDAR"
Gliomas,adjuvante,Temozolamida concomitante e sequencial à RT,,Temozolamida,200,mg/m²,VO,D1 a D5; 1x/dia,28,6,,,,"iniciando 28 dias após RT | texto do manual: ""Temozolamida 200 mg/m² VO 1x/dia D1 a D5 (iniciando 28 dias após RT)"" | periodicidade: Adjuvante: a cada 28 dias, 6 ciclos Paliativo: a cada 28 dias, até progressão de doença ou toxicidade limitante",368,"SOnHe 2024 — FONTE SECUNDÁRIA, SETOR PRIVADO, REFERÊNCIA A VALIDAR"
Gliomas,paliativo/metastático,Temozolamida concomitante e sequencial à RT,,Temozolamida,75,mg/m²,VO,1x/dia; nos dias de RT,28,até progressão/toxicidade,,,,"periodicidade: Adjuvante: a cada 28 dias, 6 ciclos Paliativo: a cada 28 dias, até progressão de doença ou toxicidade limitante",368,"SOnHe 2024 — FONTE SECUNDÁRIA, SETOR PRIVADO, REFERÊNCIA A VALIDAR"
Gliomas,paliativo/metastático,Temozolamida concomitante e sequencial à RT,,Temozolamida,200,mg/m²,VO,D1 a D5; 1x/dia,28,até progressão/toxicidade,,,,"iniciando 28 dias após RT | texto do manual: ""Temozolamida 200 mg/m² VO 1x/dia D1 a D5 (iniciando 28 dias após RT)"" | periodicidade: Adjuvante: a cada 28 dias, 6 ciclos Paliativo: a cada 28 dias, até progressão de doença ou toxicidade limitante",368,"SOnHe 2024 — FONTE SECUNDÁRIA, SETOR PRIVADO, REFERÊNCIA A VALIDAR"
Gliomas,adjuvante,Temozolamida monoterapia 200,,Temozolamida,200,mg/m²,VO,D1 a D5; 1x/dia,28,6,,,,"periodicidade: Adjuvante: a cada 28 dias, 6 ciclos Paliativo: a cada 28 dias, até progressão de doença ou toxicidade limitante",369,"SOnHe 2024 — FONTE SECUNDÁRIA, SETOR PRIVADO, REFERÊNCIA A VALIDAR"
Gliomas,paliativo/metastático,Temozolamida monoterapia 200,,Temozolamida,200,mg/m²,VO,D1 a D5; 1x/dia,28,até progressão/toxicidade,,,,"periodicidade: Adjuvante: a cada 28 dias, 6 ciclos Paliativo: a cada 28 dias, até progressão de doença ou toxicidade limitante",369,"SOnHe 2024 — FONTE SECUNDÁRIA, SETOR PRIVADO, REFERÊNCIA A VALIDAR"
Gliomas,paliativo/metastático,Temozolamida monoterapia 50,,Temozolamida,50,mg/m²,VO,1x/dia,contínuo,até progressão/toxicidade,,,,"periodicidade: Continuamente, até progressão de doença ou toxicidade limitante",369,"SOnHe 2024 — FONTE SECUNDÁRIA, SETOR PRIVADO, REFERÊNCIA A VALIDAR"
Gliomas,paliativo/metastático,Bevacizumabe monoterapia,,Bevacizumabe,15,mg/kg,EV,D1,21,até progressão/toxicidade,,,,"periodicidade: A cada 21 dias, até progressão de doença ou toxicidade limitante",369,"SOnHe 2024 — FONTE SECUNDÁRIA, SETOR PRIVADO, REFERÊNCIA A VALIDAR"
Gliomas,paliativo/metastático,Larotrectinibe,,Larotrectinibe,100 mg,fixa,VO,12/12h,contínuo,até progressão/toxicidade,,,,"periodicidade: Continuamente, até progressão de doença ou toxicidade limitante",369,"SOnHe 2024 — FONTE SECUNDÁRIA, SETOR PRIVADO, REFERÊNCIA A VALIDAR"
Gliomas,paliativo/metastático,Dabrafenibe + Trametinibe,,Dabrafenibe,150 mg,fixa,VO,12/12h,contínuo,até progressão/toxicidade,,,,"periodicidade: Continuamente, até progressão de doença ou toxicidade limitante",370,"SOnHe 2024 — FONTE SECUNDÁRIA, SETOR PRIVADO, REFERÊNCIA A VALIDAR"
Gliomas,paliativo/metastático,Dabrafenibe + Trametinibe,,Trametinibe,2 mg,fixa,VO,1x/dia,contínuo,até progressão/toxicidade,,,,"periodicidade: Continuamente, até progressão de doença ou toxicidade limitante",370,"SOnHe 2024 — FONTE SECUNDÁRIA, SETOR PRIVADO, REFERÊNCIA A VALIDAR"
Gliomas,paliativo/metastático,Carmustina,,Carmustina,200,mg/m²,EV,D1,42,até progressão/toxicidade,,,,"periodicidade: A cada 42 dias, até progressão de doença ou toxicidade limitante",370,"SOnHe 2024 — FONTE SECUNDÁRIA, SETOR PRIVADO, REFERÊNCIA A VALIDAR"
Gliomas,,Profilaxia Pneumocystis jiroveci,,Sulfametoxazol + Trimetoprima,400/80 mg,fixa,VO,3x/semana,,,,,,"grafado ""Timetropima"" no manual | item de suporte (não antineoplásico) | Sulfametoxazol + Timetropima",370,"SOnHe 2024 — FONTE SECUNDÁRIA, SETOR PRIVADO, REFERÊNCIA A VALIDAR"
Sítio primário oculto,paliativo/metastático,Esquema Carboplatina + Paclitaxel,,Carboplatina,5,AUC,EV,D1,21,até progressão/toxicidade,,,,"periodicidade: A cada 21 dias, até progressão de doença ou toxicidade limitante",379,"SOnHe 2024 — FONTE SECUNDÁRIA, SETOR PRIVADO, REFERÊNCIA A VALIDAR"
Sítio primário oculto,paliativo/metastático,Esquema Carboplatina + Paclitaxel,,Paclitaxel,175,mg/m²,EV,D1,21,até progressão/toxicidade,,,,"periodicidade: A cada 21 dias, até progressão de doença ou toxicidade limitante",379,"SOnHe 2024 — FONTE SECUNDÁRIA, SETOR PRIVADO, REFERÊNCIA A VALIDAR"
Sítio primário oculto,paliativo/metastático,Esquema CDDP + Gencitabina,,CDDP,80,mg/m²,EV,D1,21,até progressão/toxicidade,,,,"periodicidade: A cada 21 dias, até progressão de doença ou toxicidade limitante",380,"SOnHe 2024 — FONTE SECUNDÁRIA, SETOR PRIVADO, REFERÊNCIA A VALIDAR"
Sítio primário oculto,paliativo/metastático,Esquema CDDP + Gencitabina,,Gencitabina,1.000,mg/m²,EV,D1/D8,21,até progressão/toxicidade,,,,"periodicidade: A cada 21 dias, até progressão de doença ou toxicidade limitante",380,"SOnHe 2024 — FONTE SECUNDÁRIA, SETOR PRIVADO, REFERÊNCIA A VALIDAR"
Sítio primário oculto,paliativo/metastático,Esquema FOLFOX,,Oxaliplatina,85,mg/m²,EV,D1,14,até progressão/toxicidade,,,,"periodicidade: A cada 14 dias, até progressão de doença ou toxicidade limitante.",380,"SOnHe 2024 — FONTE SECUNDÁRIA, SETOR PRIVADO, REFERÊNCIA A VALIDAR"
Sítio primário oculto,paliativo/metastático,Esquema FOLFOX,,Leucovorin,400,mg/m²,EV,D1,14,até progressão/toxicidade,,,,"periodicidade: A cada 14 dias, até progressão de doença ou toxicidade limitante.",380,"SOnHe 2024 — FONTE SECUNDÁRIA, SETOR PRIVADO, REFERÊNCIA A VALIDAR"
Sítio primário oculto,paliativo/metastático,Esquema FOLFOX,,5-Fluorouracil,400,mg/m²,EV,D1,14,até progressão/toxicidade,bolus,,,"periodicidade: A cada 14 dias, até progressão de doença ou toxicidade limitante.",380,"SOnHe 2024 — FONTE SECUNDÁRIA, SETOR PRIVADO, REFERÊNCIA A VALIDAR"
Sítio primário oculto,paliativo/metastático,Esquema FOLFOX,,5-Fluorouracil,2.400,mg/m²,EV,D1,14,até progressão/toxicidade,46 h (bomba de infusão),,,"periodicidade: A cada 14 dias, até progressão de doença ou toxicidade limitante.",380,"SOnHe 2024 — FONTE SECUNDÁRIA, SETOR PRIVADO, REFERÊNCIA A VALIDAR"
Sítio primário oculto,paliativo/metastático,Pembrolizumabe,,Pembrolizumabe,200 mg,fixa,EV,D1,21,até progressão/toxicidade,,,,"periodicidade: A cada 21 dias, até progressão de doença ou toxicidade limitante",380,"SOnHe 2024 — FONTE SECUNDÁRIA, SETOR PRIVADO, REFERÊNCIA A VALIDAR"
Sítio primário oculto,paliativo/metastático,Pembrolizumabe (alternativa q42d),,Pembrolizumabe,400 mg,fixa,EV,D1,42,até progressão/toxicidade,,,,"periodicidade: A cada 42 dias, até progressão de doença ou toxicidade limitante.",380,"SOnHe 2024 — FONTE SECUNDÁRIA, SETOR PRIVADO, REFERÊNCIA A VALIDAR"
Sítio primário oculto,paliativo/metastático,Larotrectinibe,,Larotrectinibe,100 mg,fixa,VO,2x/dia,contínuo,até progressão/toxicidade,,,,"periodicidade: Continuamente, até progressão de doença ou toxicidade limitante",381,"SOnHe 2024 — FONTE SECUNDÁRIA, SETOR PRIVADO, REFERÊNCIA A VALIDAR"
